,Unnamed: 0,count,date,total_stories,ratio,query,query_name
0,0,82,2013-01-01 00:00:00,1162897,7.051355365092523e-05,"(""fake news"" OR ""misinformation"" OR ""disinformation"") AND (privacy OR cookies OR tracking OR ""user data"")",privacy
1,1,75,2013-02-01 00:00:00,1114118,6.731782450332909e-05,"(""fake news"" OR ""misinformation"" OR ""disinformation"") AND (privacy OR cookies OR tracking OR ""user data"")",privacy
2,2,78,2013-03-01 00:00:00,2122793,3.674404428505276e-05,"(""fake news"" OR ""misinformation"" OR ""disinformation"") AND (privacy OR cookies OR tracking OR ""user data"")",privacy
3,3,119,2013-04-01 00:00:00,2849652,4.175948501781972e-05,"(""fake news"" OR ""misinformation"" OR ""disinformation"") AND (privacy OR cookies OR tracking OR ""user data"")",privacy
4,4,142,2013-05-01 00:00:00,4499184,3.156127866742058e-05,"(""fake news"" OR ""misinformation"" OR ""disinformation"") AND (privacy OR cookies OR tracking OR ""user data"")",privacy
5,5,318,2013-06-01 00:00:00,5528896,5.75160031948512e-05,"(""fake news"" OR ""misinformation"" OR ""disinformation"") AND (privacy OR cookies OR tracking OR ""user data"")",privacy
6,6,227,2013-07-01 00:00:00,5722439,3.966840013497741e-05,"(""fake news"" OR ""misinformation"" OR ""disinformation"") AND (privacy OR cookies OR tracking OR ""user data"")",privacy
7,7,241,2013-08-01 00:00:00,5335503,4.516912463548423e-05,"(""fake news"" OR ""misinformation"" OR ""disinformation"") AND (privacy OR cookies OR tracking OR ""user data"")",privacy
8,8,158,2013-09-01 00:00:00,4895721,3.227308092107373e-05,"(""fake news"" OR ""misinformation"" OR ""disinformation"") AND (privacy OR cookies OR tracking OR ""user data"")",privacy
9,9,135,2013-10-01 00:00:00,5753197,2.34652142104642e-05,"(""fake news"" OR ""misinformation"" OR ""disinformation"") AND (privacy OR cookies OR tracking OR ""user data"")",privacy
10,10,158,2013-11-01 00:00:00,5731629,2.7566334108505626e-05,"(""fake news"" OR ""misinformation"" OR ""disinformation"") AND (privacy OR cookies OR tracking OR ""user data"")",privacy
11,11,156,2013-12-01 00:00:00,5318966,2.9329008683266637e-05,"(""fake news"" OR ""misinformation"" OR ""disinformation"") AND (privacy OR cookies OR tracking OR ""user data"")",privacy
12,12,133,2014-01-01 00:00:00,5264713,2.5262535678583047e-05,"(""fake news"" OR ""misinformation"" OR ""disinformation"") AND (privacy OR cookies OR tracking OR ""user data"")",privacy
13,13,176,2014-02-01 00:00:00,5067546,3.47308144810131e-05,"(""fake news"" OR ""misinformation"" OR ""disinformation"") AND (privacy OR cookies OR tracking OR ""user data"")",privacy
14,14,215,2014-03-01 00:00:00,5585409,3.849315242625921e-05,"(""fake news"" OR ""misinformation"" OR ""disinformation"") AND (privacy OR cookies OR tracking OR ""user data"")",privacy
15,15,146,2014-04-01 00:00:00,5678831,2.5709516624108027e-05,"(""fake news"" OR ""misinformation"" OR ""disinformation"") AND (privacy OR cookies OR tracking OR ""user data"")",privacy
16,16,134,2014-05-01 00:00:00,5614724,2.38658213653957e-05,"(""fake news"" OR ""misinformation"" OR ""disinformation"") AND (privacy OR cookies OR tracking OR ""user data"")",privacy
17,17,120,2014-06-01 00:00:00,5545022,2.164103226281158e-05,"(""fake news"" OR ""misinformation"" OR ""disinformation"") AND (privacy OR cookies OR tracking OR ""user data"")",privacy
18,18,203,2014-07-01 00:00:00,5984708,3.391978355502056e-05,"(""fake news"" OR ""misinformation"" OR ""disinformation"") AND (privacy OR cookies OR tracking OR ""user data"")",privacy
19,19,187,2014-08-01 00:00:00,5908826,3.1647572631179186e-05,"(""fake news"" OR ""misinformation"" OR ""disinformation"") AND (privacy OR cookies OR tracking OR ""user data"")",privacy
20,20,179,2014-09-01 00:00:00,5866829,3.051051939642352e-05,"(""fake news"" OR ""misinformation"" OR ""disinformation"") AND (privacy OR cookies OR tracking OR ""user data"")",privacy
21,21,278,2014-10-01 00:00:00,5792903,4.798975574077453e-05,"(""fake news"" OR ""misinformation"" OR ""disinformation"") AND (privacy OR cookies OR tracking OR ""user data"")",privacy
22,22,160,2014-11-01 00:00:00,5314544,3.010606366228222e-05,"(""fake news"" OR ""misinformation"" OR ""disinformation"") AND (privacy OR cookies OR tracking OR ""user data"")",privacy
23,23,136,2014-12-01 00:00:00,5260195,2.585455482163684e-05,"(""fake news"" OR ""misinformation"" OR ""disinformation"") AND (privacy OR cookies OR tracking OR ""user data"")",privacy
24,24,209,2015-01-01 00:00:00,5507816,3.794607517752953e-05,"(""fake news"" OR ""misinformation"" OR ""disinformation"") AND (privacy OR cookies OR tracking OR ""user data"")",privacy
25,25,106,2015-02-01 00:00:00,5244516,2.0211588638494e-05,"(""fake news"" OR ""misinformation"" OR ""disinformation"") AND (privacy OR cookies OR tracking OR ""user data"")",privacy
26,26,124,2015-03-01 00:00:00,5782512,2.144396760439062e-05,"(""fake news"" OR ""misinformation"" OR ""disinformation"") AND (privacy OR cookies OR tracking OR ""user data"")",privacy
27,27,198,2015-04-01 00:00:00,5512932,3.591555274035668e-05,"(""fake news"" OR ""misinformation"" OR ""disinformation"") AND (privacy OR cookies OR tracking OR ""user data"")",privacy
28,28,191,2015-05-01 00:00:00,5522993,3.4582698185567136e-05,"(""fake news"" OR ""misinformation"" OR ""disinformation"") AND (privacy OR cookies OR tracking OR ""user data"")",privacy
29,29,269,2015-06-01 00:00:00,5613949,4.791635976742931e-05,"(""fake news"" OR ""misinformation"" OR ""disinformation"") AND (privacy OR cookies OR tracking OR ""user data"")",privacy
30,30,141,2015-07-01 00:00:00,5487580,2.569438623218249e-05,"(""fake news"" OR ""misinformation"" OR ""disinformation"") AND (privacy OR cookies OR tracking OR ""user data"")",privacy
31,31,130,2015-08-01 00:00:00,5377132,2.417645689188958e-05,"(""fake news"" OR ""misinformation"" OR ""disinformation"") AND (privacy OR cookies OR tracking OR ""user data"")",privacy
32,32,116,2015-09-01 00:00:00,5816241,1.994415293314015e-05,"(""fake news"" OR ""misinformation"" OR ""disinformation"") AND (privacy OR cookies OR tracking OR ""user data"")",privacy
33,33,158,2015-10-01 00:00:00,5957769,2.6519994313307547e-05,"(""fake news"" OR ""misinformation"" OR ""disinformation"") AND (privacy OR cookies OR tracking OR ""user data"")",privacy
34,34,191,2015-11-01 00:00:00,5711112,3.3443574561311355e-05,"(""fake news"" OR ""misinformation"" OR ""disinformation"") AND (privacy OR cookies OR tracking OR ""user data"")",privacy
35,35,177,2015-12-01 00:00:00,5747715,3.079484629979044e-05,"(""fake news"" OR ""misinformation"" OR ""disinformation"") AND (privacy OR cookies OR tracking OR ""user data"")",privacy
36,36,225,2016-01-01 00:00:00,6188008,3.636065111745169e-05,"(""fake news"" OR ""misinformation"" OR ""disinformation"") AND (privacy OR cookies OR tracking OR ""user data"")",privacy
37,37,160,2016-02-01 00:00:00,6112209,2.6177115344059733e-05,"(""fake news"" OR ""misinformation"" OR ""disinformation"") AND (privacy OR cookies OR tracking OR ""user data"")",privacy
38,38,189,2016-03-01 00:00:00,6599467,2.8638676426444743e-05,"(""fake news"" OR ""misinformation"" OR ""disinformation"") AND (privacy OR cookies OR tracking OR ""user data"")",privacy
39,39,304,2016-04-01 00:00:00,6364547,4.776459345810472e-05,"(""fake news"" OR ""misinformation"" OR ""disinformation"") AND (privacy OR cookies OR tracking OR ""user data"")",privacy
40,40,313,2016-05-01 00:00:00,6568848,4.76491463952279e-05,"(""fake news"" OR ""misinformation"" OR ""disinformation"") AND (privacy OR cookies OR tracking OR ""user data"")",privacy
41,41,195,2016-06-01 00:00:00,6564926,2.9703305109608243e-05,"(""fake news"" OR ""misinformation"" OR ""disinformation"") AND (privacy OR cookies OR tracking OR ""user data"")",privacy
42,42,149,2016-07-01 00:00:00,6605289,2.2557680670747337e-05,"(""fake news"" OR ""misinformation"" OR ""disinformation"") AND (privacy OR cookies OR tracking OR ""user data"")",privacy
43,43,185,2016-08-01 00:00:00,7134547,2.593016767567724e-05,"(""fake news"" OR ""misinformation"" OR ""disinformation"") AND (privacy OR cookies OR tracking OR ""user data"")",privacy
44,44,256,2016-09-01 00:00:00,7195794,3.5576338066376e-05,"(""fake news"" OR ""misinformation"" OR ""disinformation"") AND (privacy OR cookies OR tracking OR ""user data"")",privacy
45,45,317,2016-10-01 00:00:00,7537019,4.205906871138311e-05,"(""fake news"" OR ""misinformation"" OR ""disinformation"") AND (privacy OR cookies OR tracking OR ""user data"")",privacy
46,46,979,2016-11-01 00:00:00,7404767,0.0001322121276739,"(""fake news"" OR ""misinformation"" OR ""disinformation"") AND (privacy OR cookies OR tracking OR ""user data"")",privacy
47,47,1117,2016-12-01 00:00:00,7097225,0.0001573854569919,"(""fake news"" OR ""misinformation"" OR ""disinformation"") AND (privacy OR cookies OR tracking OR ""user data"")",privacy
48,48,1008,2017-01-01 00:00:00,7915149,0.0001273507295946,"(""fake news"" OR ""misinformation"" OR ""disinformation"") AND (privacy OR cookies OR tracking OR ""user data"")",privacy
49,49,1239,2017-02-01 00:00:00,7523352,0.0001646872298411,"(""fake news"" OR ""misinformation"" OR ""disinformation"") AND (privacy OR cookies OR tracking OR ""user data"")",privacy
50,50,1169,2017-03-01 00:00:00,8498023,0.0001375614069295,"(""fake news"" OR ""misinformation"" OR ""disinformation"") AND (privacy OR cookies OR tracking OR ""user data"")",privacy
51,51,1022,2017-04-01 00:00:00,8240161,0.0001240267028763,"(""fake news"" OR ""misinformation"" OR ""disinformation"") AND (privacy OR cookies OR tracking OR ""user data"")",privacy
52,52,1134,2017-05-01 00:00:00,9059893,0.000125167041156,"(""fake news"" OR ""misinformation"" OR ""disinformation"") AND (privacy OR cookies OR tracking OR ""user data"")",privacy
53,53,1067,2017-06-01 00:00:00,8194941,0.0001302022796747,"(""fake news"" OR ""misinformation"" OR ""disinformation"") AND (privacy OR cookies OR tracking OR ""user data"")",privacy
54,54,994,2017-07-01 00:00:00,8280850,0.0001200359866438,"(""fake news"" OR ""misinformation"" OR ""disinformation"") AND (privacy OR cookies OR tracking OR ""user data"")",privacy
55,55,971,2017-08-01 00:00:00,8816858,0.0001101299351764,"(""fake news"" OR ""misinformation"" OR ""disinformation"") AND (privacy OR cookies OR tracking OR ""user data"")",privacy
56,56,1257,2017-09-01 00:00:00,8622102,0.0001457881152415,"(""fake news"" OR ""misinformation"" OR ""disinformation"") AND (privacy OR cookies OR tracking OR ""user data"")",privacy
57,57,1096,2017-10-01 00:00:00,8922862,0.0001228305447288,"(""fake news"" OR ""misinformation"" OR ""disinformation"") AND (privacy OR cookies OR tracking OR ""user data"")",privacy
58,58,920,2017-11-01 00:00:00,9789734,9.397599567056674e-05,"(""fake news"" OR ""misinformation"" OR ""disinformation"") AND (privacy OR cookies OR tracking OR ""user data"")",privacy
59,59,1847,2017-12-01 00:00:00,12374183,0.0001492623795849,"(""fake news"" OR ""misinformation"" OR ""disinformation"") AND (privacy OR cookies OR tracking OR ""user data"")",privacy
60,60,2073,2018-01-01 00:00:00,13519766,0.0001533310561736,"(""fake news"" OR ""misinformation"" OR ""disinformation"") AND (privacy OR cookies OR tracking OR ""user data"")",privacy
61,61,2023,2018-02-01 00:00:00,12367562,0.0001635730631469,"(""fake news"" OR ""misinformation"" OR ""disinformation"") AND (privacy OR cookies OR tracking OR ""user data"")",privacy
62,62,6246,2018-03-01 00:00:00,13660735,0.0004572228361065,"(""fake news"" OR ""misinformation"" OR ""disinformation"") AND (privacy OR cookies OR tracking OR ""user data"")",privacy
63,63,8948,2018-04-01 00:00:00,13316068,0.0006719701341266,"(""fake news"" OR ""misinformation"" OR ""disinformation"") AND (privacy OR cookies OR tracking OR ""user data"")",privacy
64,64,4306,2018-05-01 00:00:00,14018000,0.0003071764873733,"(""fake news"" OR ""misinformation"" OR ""disinformation"") AND (privacy OR cookies OR tracking OR ""user data"")",privacy
65,65,2143,2018-06-01 00:00:00,13189699,0.0001624752771082,"(""fake news"" OR ""misinformation"" OR ""disinformation"") AND (privacy OR cookies OR tracking OR ""user data"")",privacy
66,66,4693,2018-07-01 00:00:00,13618482,0.0003446052210518,"(""fake news"" OR ""misinformation"" OR ""disinformation"") AND (privacy OR cookies OR tracking OR ""user data"")",privacy
67,67,2461,2018-08-01 00:00:00,12754231,0.0001929555768591,"(""fake news"" OR ""misinformation"" OR ""disinformation"") AND (privacy OR cookies OR tracking OR ""user data"")",privacy
68,68,3290,2018-09-01 00:00:00,12148544,0.0002708143461471,"(""fake news"" OR ""misinformation"" OR ""disinformation"") AND (privacy OR cookies OR tracking OR ""user data"")",privacy
69,69,4017,2018-10-01 00:00:00,13479224,0.0002980141883538,"(""fake news"" OR ""misinformation"" OR ""disinformation"") AND (privacy OR cookies OR tracking OR ""user data"")",privacy
70,70,4901,2018-11-01 00:00:00,12989011,0.0003773189506114,"(""fake news"" OR ""misinformation"" OR ""disinformation"") AND (privacy OR cookies OR tracking OR ""user data"")",privacy
71,71,3798,2018-12-01 00:00:00,10302556,0.0003686463825093,"(""fake news"" OR ""misinformation"" OR ""disinformation"") AND (privacy OR cookies OR tracking OR ""user data"")",privacy
72,72,2950,2019-01-01 00:00:00,12364871,0.0002385791165957,"(""fake news"" OR ""misinformation"" OR ""disinformation"") AND (privacy OR cookies OR tracking OR ""user data"")",privacy
73,73,3399,2019-02-01 00:00:00,11238601,0.0003024397787589,"(""fake news"" OR ""misinformation"" OR ""disinformation"") AND (privacy OR cookies OR tracking OR ""user data"")",privacy
74,74,3928,2019-03-01 00:00:00,12879965,0.0003049697728215,"(""fake news"" OR ""misinformation"" OR ""disinformation"") AND (privacy OR cookies OR tracking OR ""user data"")",privacy
75,75,4526,2019-04-01 00:00:00,13169061,0.0003436843370989,"(""fake news"" OR ""misinformation"" OR ""disinformation"") AND (privacy OR cookies OR tracking OR ""user data"")",privacy
76,76,4684,2019-05-01 00:00:00,14724214,0.0003181154525463,"(""fake news"" OR ""misinformation"" OR ""disinformation"") AND (privacy OR cookies OR tracking OR ""user data"")",privacy
77,77,3620,2019-06-01 00:00:00,14025116,0.0002581083821338,"(""fake news"" OR ""misinformation"" OR ""disinformation"") AND (privacy OR cookies OR tracking OR ""user data"")",privacy
78,78,3694,2019-07-01 00:00:00,14367534,0.0002571074479447,"(""fake news"" OR ""misinformation"" OR ""disinformation"") AND (privacy OR cookies OR tracking OR ""user data"")",privacy
79,79,2141,2019-08-01 00:00:00,12929158,0.0001655946968859,"(""fake news"" OR ""misinformation"" OR ""disinformation"") AND (privacy OR cookies OR tracking OR ""user data"")",privacy
80,80,2787,2019-09-01 00:00:00,12972258,0.0002148430905398,"(""fake news"" OR ""misinformation"" OR ""disinformation"") AND (privacy OR cookies OR tracking OR ""user data"")",privacy
81,81,3894,2019-10-01 00:00:00,13410775,0.0002903635323089,"(""fake news"" OR ""misinformation"" OR ""disinformation"") AND (privacy OR cookies OR tracking OR ""user data"")",privacy
82,82,2771,2019-11-01 00:00:00,11874401,0.0002333591395473,"(""fake news"" OR ""misinformation"" OR ""disinformation"") AND (privacy OR cookies OR tracking OR ""user data"")",privacy
83,83,2572,2019-12-01 00:00:00,12326861,0.0002086500366962,"(""fake news"" OR ""misinformation"" OR ""disinformation"") AND (privacy OR cookies OR tracking OR ""user data"")",privacy
84,84,3146,2020-01-01 00:00:00,12745733,0.0002468277030438,"(""fake news"" OR ""misinformation"" OR ""disinformation"") AND (privacy OR cookies OR tracking OR ""user data"")",privacy
85,85,3238,2020-02-01 00:00:00,12410666,0.0002609046122101,"(""fake news"" OR ""misinformation"" OR ""disinformation"") AND (privacy OR cookies OR tracking OR ""user data"")",privacy
86,86,6142,2020-03-01 00:00:00,16081727,0.000381924155285,"(""fake news"" OR ""misinformation"" OR ""disinformation"") AND (privacy OR cookies OR tracking OR ""user data"")",privacy
87,87,6641,2020-04-01 00:00:00,16597948,0.0004001097003075,"(""fake news"" OR ""misinformation"" OR ""disinformation"") AND (privacy OR cookies OR tracking OR ""user data"")",privacy
88,88,5458,2020-05-01 00:00:00,17346887,0.0003146385861624,"(""fake news"" OR ""misinformation"" OR ""disinformation"") AND (privacy OR cookies OR tracking OR ""user data"")",privacy
89,89,4597,2020-06-01 00:00:00,17140704,0.0002681920182508,"(""fake news"" OR ""misinformation"" OR ""disinformation"") AND (privacy OR cookies OR tracking OR ""user data"")",privacy
90,90,5171,2020-07-01 00:00:00,17242378,0.0002999006285559,"(""fake news"" OR ""misinformation"" OR ""disinformation"") AND (privacy OR cookies OR tracking OR ""user data"")",privacy
91,91,5192,2020-08-01 00:00:00,17721748,0.0002929733568043,"(""fake news"" OR ""misinformation"" OR ""disinformation"") AND (privacy OR cookies OR tracking OR ""user data"")",privacy
92,92,7982,2020-09-01 00:00:00,24340612,0.0003279293059681,"(""fake news"" OR ""misinformation"" OR ""disinformation"") AND (privacy OR cookies OR tracking OR ""user data"")",privacy
93,93,9571,2020-10-01 00:00:00,27668313,0.0003459191747613,"(""fake news"" OR ""misinformation"" OR ""disinformation"") AND (privacy OR cookies OR tracking OR ""user data"")",privacy
94,94,6450,2020-11-01 00:00:00,26083268,0.0002472849644454,"(""fake news"" OR ""misinformation"" OR ""disinformation"") AND (privacy OR cookies OR tracking OR ""user data"")",privacy
95,95,5783,2020-12-01 00:00:00,25378123,0.0002278734325623,"(""fake news"" OR ""misinformation"" OR ""disinformation"") AND (privacy OR cookies OR tracking OR ""user data"")",privacy
96,96,8296,2021-01-01 00:00:00,24791507,0.0003346307265629,"(""fake news"" OR ""misinformation"" OR ""disinformation"") AND (privacy OR cookies OR tracking OR ""user data"")",privacy
97,97,8146,2021-02-01 00:00:00,25622587,0.0003179226203817,"(""fake news"" OR ""misinformation"" OR ""disinformation"") AND (privacy OR cookies OR tracking OR ""user data"")",privacy
98,98,6265,2021-03-01 00:00:00,25414507,0.0002465127495882,"(""fake news"" OR ""misinformation"" OR ""disinformation"") AND (privacy OR cookies OR tracking OR ""user data"")",privacy
99,99,3962,2021-04-01 00:00:00,21267809,0.0001862909338709,"(""fake news"" OR ""misinformation"" OR ""disinformation"") AND (privacy OR cookies OR tracking OR ""user data"")",privacy
100,100,6101,2021-05-01 00:00:00,26967066,0.0002262389241751,"(""fake news"" OR ""misinformation"" OR ""disinformation"") AND (privacy OR cookies OR tracking OR ""user data"")",privacy
101,101,4533,2021-06-01 00:00:00,28610235,0.0001584398030984,"(""fake news"" OR ""misinformation"" OR ""disinformation"") AND (privacy OR cookies OR tracking OR ""user data"")",privacy
102,102,6686,2021-07-01 00:00:00,28394780,0.0002354658144912,"(""fake news"" OR ""misinformation"" OR ""disinformation"") AND (privacy OR cookies OR tracking OR ""user data"")",privacy
103,103,4800,2021-08-01 00:00:00,21266591,0.0002257061322146,"(""fake news"" OR ""misinformation"" OR ""disinformation"") AND (privacy OR cookies OR tracking OR ""user data"")",privacy
104,104,5657,2021-09-01 00:00:00,28896783,0.0001957657362759,"(""fake news"" OR ""misinformation"" OR ""disinformation"") AND (privacy OR cookies OR tracking OR ""user data"")",privacy
105,105,5647,2021-10-01 00:00:00,14001608,0.0004033108197287,"(""fake news"" OR ""misinformation"" OR ""disinformation"") AND (privacy OR cookies OR tracking OR ""user data"")",privacy
0,0,78,2013-01-01 00:00:00,1162897,6.707386810697766e-05,"(""fake news"" OR ""misinformation"" OR ""disinformation"") AND (ads OR advertising OR ""micro-targeting"" OR ""microtargeting"" OR ""micro-targeting"" OR ""sponsored content"")",ads
1,1,80,2013-02-01 00:00:00,1114118,7.18056794702177e-05,"(""fake news"" OR ""misinformation"" OR ""disinformation"") AND (ads OR advertising OR ""micro-targeting"" OR ""microtargeting"" OR ""micro-targeting"" OR ""sponsored content"")",ads
2,2,102,2013-03-01 00:00:00,2122793,4.804990406506899e-05,"(""fake news"" OR ""misinformation"" OR ""disinformation"") AND (ads OR advertising OR ""micro-targeting"" OR ""microtargeting"" OR ""micro-targeting"" OR ""sponsored content"")",ads
3,3,120,2013-04-01 00:00:00,2849652,4.211040505998627e-05,"(""fake news"" OR ""misinformation"" OR ""disinformation"") AND (ads OR advertising OR ""micro-targeting"" OR ""microtargeting"" OR ""micro-targeting"" OR ""sponsored content"")",ads
4,4,142,2013-05-01 00:00:00,4499184,3.156127866742058e-05,"(""fake news"" OR ""misinformation"" OR ""disinformation"") AND (ads OR advertising OR ""micro-targeting"" OR ""microtargeting"" OR ""micro-targeting"" OR ""sponsored content"")",ads
5,5,194,2013-06-01 00:00:00,5528896,3.508837930755073e-05,"(""fake news"" OR ""misinformation"" OR ""disinformation"") AND (ads OR advertising OR ""micro-targeting"" OR ""microtargeting"" OR ""micro-targeting"" OR ""sponsored content"")",ads
6,6,211,2013-07-01 00:00:00,5722439,3.687238955277636e-05,"(""fake news"" OR ""misinformation"" OR ""disinformation"") AND (ads OR advertising OR ""micro-targeting"" OR ""microtargeting"" OR ""micro-targeting"" OR ""sponsored content"")",ads
7,7,163,2013-08-01 00:00:00,5335503,3.055007184889597e-05,"(""fake news"" OR ""misinformation"" OR ""disinformation"") AND (ads OR advertising OR ""micro-targeting"" OR ""microtargeting"" OR ""micro-targeting"" OR ""sponsored content"")",ads
8,8,140,2013-09-01 00:00:00,4895721,2.859640081614128e-05,"(""fake news"" OR ""misinformation"" OR ""disinformation"") AND (ads OR advertising OR ""micro-targeting"" OR ""microtargeting"" OR ""micro-targeting"" OR ""sponsored content"")",ads
9,9,140,2013-10-01 00:00:00,5753197,2.4334296218259168e-05,"(""fake news"" OR ""misinformation"" OR ""disinformation"") AND (ads OR advertising OR ""micro-targeting"" OR ""microtargeting"" OR ""micro-targeting"" OR ""sponsored content"")",ads
10,10,131,2013-11-01 00:00:00,5731629,2.2855631444393905e-05,"(""fake news"" OR ""misinformation"" OR ""disinformation"") AND (ads OR advertising OR ""micro-targeting"" OR ""microtargeting"" OR ""micro-targeting"" OR ""sponsored content"")",ads
11,11,152,2013-12-01 00:00:00,5318966,2.857698281959313e-05,"(""fake news"" OR ""misinformation"" OR ""disinformation"") AND (ads OR advertising OR ""micro-targeting"" OR ""microtargeting"" OR ""micro-targeting"" OR ""sponsored content"")",ads
12,12,205,2014-01-01 00:00:00,5264713,3.893849484292876e-05,"(""fake news"" OR ""misinformation"" OR ""disinformation"") AND (ads OR advertising OR ""micro-targeting"" OR ""microtargeting"" OR ""micro-targeting"" OR ""sponsored content"")",ads
13,13,111,2014-02-01 00:00:00,5067546,2.190409322382076e-05,"(""fake news"" OR ""misinformation"" OR ""disinformation"") AND (ads OR advertising OR ""micro-targeting"" OR ""microtargeting"" OR ""micro-targeting"" OR ""sponsored content"")",ads
14,14,211,2014-03-01 00:00:00,5585409,3.777700075321252e-05,"(""fake news"" OR ""misinformation"" OR ""disinformation"") AND (ads OR advertising OR ""micro-targeting"" OR ""microtargeting"" OR ""micro-targeting"" OR ""sponsored content"")",ads
15,15,186,2014-04-01 00:00:00,5678831,3.275321980879516e-05,"(""fake news"" OR ""misinformation"" OR ""disinformation"") AND (ads OR advertising OR ""micro-targeting"" OR ""microtargeting"" OR ""micro-targeting"" OR ""sponsored content"")",ads
16,16,208,2014-05-01 00:00:00,5614724,3.70454540597187e-05,"(""fake news"" OR ""misinformation"" OR ""disinformation"") AND (ads OR advertising OR ""micro-targeting"" OR ""microtargeting"" OR ""micro-targeting"" OR ""sponsored content"")",ads
17,17,146,2014-06-01 00:00:00,5545022,2.632992258642076e-05,"(""fake news"" OR ""misinformation"" OR ""disinformation"") AND (ads OR advertising OR ""micro-targeting"" OR ""microtargeting"" OR ""micro-targeting"" OR ""sponsored content"")",ads
18,18,165,2014-07-01 00:00:00,5984708,2.757026742156844e-05,"(""fake news"" OR ""misinformation"" OR ""disinformation"") AND (ads OR advertising OR ""micro-targeting"" OR ""microtargeting"" OR ""micro-targeting"" OR ""sponsored content"")",ads
19,19,198,2014-08-01 00:00:00,5908826,3.350919455066032e-05,"(""fake news"" OR ""misinformation"" OR ""disinformation"") AND (ads OR advertising OR ""micro-targeting"" OR ""microtargeting"" OR ""micro-targeting"" OR ""sponsored content"")",ads
20,20,204,2014-09-01 00:00:00,5866829,3.4771765122180995e-05,"(""fake news"" OR ""misinformation"" OR ""disinformation"") AND (ads OR advertising OR ""micro-targeting"" OR ""microtargeting"" OR ""micro-targeting"" OR ""sponsored content"")",ads
21,21,239,2014-10-01 00:00:00,5792903,4.125737993541408e-05,"(""fake news"" OR ""misinformation"" OR ""disinformation"") AND (ads OR advertising OR ""micro-targeting"" OR ""microtargeting"" OR ""micro-targeting"" OR ""sponsored content"")",ads
22,22,144,2014-11-01 00:00:00,5314544,2.7095457296054e-05,"(""fake news"" OR ""misinformation"" OR ""disinformation"") AND (ads OR advertising OR ""micro-targeting"" OR ""microtargeting"" OR ""micro-targeting"" OR ""sponsored content"")",ads
23,23,138,2014-12-01 00:00:00,5260195,2.62347688631315e-05,"(""fake news"" OR ""misinformation"" OR ""disinformation"") AND (ads OR advertising OR ""micro-targeting"" OR ""microtargeting"" OR ""micro-targeting"" OR ""sponsored content"")",ads
24,24,201,2015-01-01 00:00:00,5507816,3.6493593831021226e-05,"(""fake news"" OR ""misinformation"" OR ""disinformation"") AND (ads OR advertising OR ""micro-targeting"" OR ""microtargeting"" OR ""micro-targeting"" OR ""sponsored content"")",ads
25,25,139,2015-02-01 00:00:00,5244516,2.6503875667459117e-05,"(""fake news"" OR ""misinformation"" OR ""disinformation"") AND (ads OR advertising OR ""micro-targeting"" OR ""microtargeting"" OR ""micro-targeting"" OR ""sponsored content"")",ads
26,26,130,2015-03-01 00:00:00,5782512,2.2481578940086935e-05,"(""fake news"" OR ""misinformation"" OR ""disinformation"") AND (ads OR advertising OR ""micro-targeting"" OR ""microtargeting"" OR ""micro-targeting"" OR ""sponsored content"")",ads
27,27,168,2015-04-01 00:00:00,5512932,3.047380232515112e-05,"(""fake news"" OR ""misinformation"" OR ""disinformation"") AND (ads OR advertising OR ""micro-targeting"" OR ""microtargeting"" OR ""micro-targeting"" OR ""sponsored content"")",ads
28,28,108,2015-05-01 00:00:00,5522993,1.9554614680844245e-05,"(""fake news"" OR ""misinformation"" OR ""disinformation"") AND (ads OR advertising OR ""micro-targeting"" OR ""microtargeting"" OR ""micro-targeting"" OR ""sponsored content"")",ads
29,29,139,2015-06-01 00:00:00,5613949,2.47597546753631e-05,"(""fake news"" OR ""misinformation"" OR ""disinformation"") AND (ads OR advertising OR ""micro-targeting"" OR ""microtargeting"" OR ""micro-targeting"" OR ""sponsored content"")",ads
30,30,173,2015-07-01 00:00:00,5487580,3.1525736299060785e-05,"(""fake news"" OR ""misinformation"" OR ""disinformation"") AND (ads OR advertising OR ""micro-targeting"" OR ""microtargeting"" OR ""micro-targeting"" OR ""sponsored content"")",ads
31,31,149,2015-08-01 00:00:00,5377132,2.7709939053011903e-05,"(""fake news"" OR ""misinformation"" OR ""disinformation"") AND (ads OR advertising OR ""micro-targeting"" OR ""microtargeting"" OR ""micro-targeting"" OR ""sponsored content"")",ads
32,32,125,2015-09-01 00:00:00,5816241,2.149154410898723e-05,"(""fake news"" OR ""misinformation"" OR ""disinformation"") AND (ads OR advertising OR ""micro-targeting"" OR ""microtargeting"" OR ""micro-targeting"" OR ""sponsored content"")",ads
33,33,225,2015-10-01 00:00:00,5957769,3.776581468667214e-05,"(""fake news"" OR ""misinformation"" OR ""disinformation"") AND (ads OR advertising OR ""micro-targeting"" OR ""microtargeting"" OR ""micro-targeting"" OR ""sponsored content"")",ads
34,34,229,2015-11-01 00:00:00,5711112,4.0097270023771205e-05,"(""fake news"" OR ""misinformation"" OR ""disinformation"") AND (ads OR advertising OR ""micro-targeting"" OR ""microtargeting"" OR ""micro-targeting"" OR ""sponsored content"")",ads
35,35,127,2015-12-01 00:00:00,5747715,2.2095737175555853e-05,"(""fake news"" OR ""misinformation"" OR ""disinformation"") AND (ads OR advertising OR ""micro-targeting"" OR ""microtargeting"" OR ""micro-targeting"" OR ""sponsored content"")",ads
36,36,191,2016-01-01 00:00:00,6188008,3.0866152726370103e-05,"(""fake news"" OR ""misinformation"" OR ""disinformation"") AND (ads OR advertising OR ""micro-targeting"" OR ""microtargeting"" OR ""micro-targeting"" OR ""sponsored content"")",ads
37,37,195,2016-02-01 00:00:00,6112209,3.19033593255728e-05,"(""fake news"" OR ""misinformation"" OR ""disinformation"") AND (ads OR advertising OR ""micro-targeting"" OR ""microtargeting"" OR ""micro-targeting"" OR ""sponsored content"")",ads
38,38,182,2016-03-01 00:00:00,6599467,2.7577984706946788e-05,"(""fake news"" OR ""misinformation"" OR ""disinformation"") AND (ads OR advertising OR ""micro-targeting"" OR ""microtargeting"" OR ""micro-targeting"" OR ""sponsored content"")",ads
39,39,196,2016-04-01 00:00:00,6364547,3.0795593150620145e-05,"(""fake news"" OR ""misinformation"" OR ""disinformation"") AND (ads OR advertising OR ""micro-targeting"" OR ""microtargeting"" OR ""micro-targeting"" OR ""sponsored content"")",ads
40,40,262,2016-05-01 00:00:00,6568848,3.988522797300227e-05,"(""fake news"" OR ""misinformation"" OR ""disinformation"") AND (ads OR advertising OR ""micro-targeting"" OR ""microtargeting"" OR ""micro-targeting"" OR ""sponsored content"")",ads
41,41,167,2016-06-01 00:00:00,6564926,2.5438215145151677e-05,"(""fake news"" OR ""misinformation"" OR ""disinformation"") AND (ads OR advertising OR ""micro-targeting"" OR ""microtargeting"" OR ""micro-targeting"" OR ""sponsored content"")",ads
42,42,149,2016-07-01 00:00:00,6605289,2.2557680670747337e-05,"(""fake news"" OR ""misinformation"" OR ""disinformation"") AND (ads OR advertising OR ""micro-targeting"" OR ""microtargeting"" OR ""micro-targeting"" OR ""sponsored content"")",ads
43,43,170,2016-08-01 00:00:00,7134547,2.382772164791962e-05,"(""fake news"" OR ""misinformation"" OR ""disinformation"") AND (ads OR advertising OR ""micro-targeting"" OR ""microtargeting"" OR ""micro-targeting"" OR ""sponsored content"")",ads
44,44,199,2016-09-01 00:00:00,7195794,2.7655044043784467e-05,"(""fake news"" OR ""misinformation"" OR ""disinformation"") AND (ads OR advertising OR ""micro-targeting"" OR ""microtargeting"" OR ""micro-targeting"" OR ""sponsored content"")",ads
45,45,270,2016-10-01 00:00:00,7537019,3.5823181552282145e-05,"(""fake news"" OR ""misinformation"" OR ""disinformation"") AND (ads OR advertising OR ""micro-targeting"" OR ""microtargeting"" OR ""micro-targeting"" OR ""sponsored content"")",ads
46,46,2989,2016-11-01 00:00:00,7404767,0.0004036588862282,"(""fake news"" OR ""misinformation"" OR ""disinformation"") AND (ads OR advertising OR ""micro-targeting"" OR ""microtargeting"" OR ""micro-targeting"" OR ""sponsored content"")",ads
47,47,1882,2016-12-01 00:00:00,7097225,0.0002651740645111,"(""fake news"" OR ""misinformation"" OR ""disinformation"") AND (ads OR advertising OR ""micro-targeting"" OR ""microtargeting"" OR ""micro-targeting"" OR ""sponsored content"")",ads
48,48,1752,2017-01-01 00:00:00,7915149,0.0002213476966763,"(""fake news"" OR ""misinformation"" OR ""disinformation"") AND (ads OR advertising OR ""micro-targeting"" OR ""microtargeting"" OR ""micro-targeting"" OR ""sponsored content"")",ads
49,49,1796,2017-02-01 00:00:00,7523352,0.0002387233775583,"(""fake news"" OR ""misinformation"" OR ""disinformation"") AND (ads OR advertising OR ""micro-targeting"" OR ""microtargeting"" OR ""micro-targeting"" OR ""sponsored content"")",ads
50,50,1517,2017-03-01 00:00:00,8498023,0.0001785121080514,"(""fake news"" OR ""misinformation"" OR ""disinformation"") AND (ads OR advertising OR ""micro-targeting"" OR ""microtargeting"" OR ""micro-targeting"" OR ""sponsored content"")",ads
51,51,1549,2017-04-01 00:00:00,8240161,0.0001879817639485,"(""fake news"" OR ""misinformation"" OR ""disinformation"") AND (ads OR advertising OR ""micro-targeting"" OR ""microtargeting"" OR ""micro-targeting"" OR ""sponsored content"")",ads
52,52,2141,2017-05-01 00:00:00,9059893,0.0002363162567151,"(""fake news"" OR ""misinformation"" OR ""disinformation"") AND (ads OR advertising OR ""micro-targeting"" OR ""microtargeting"" OR ""micro-targeting"" OR ""sponsored content"")",ads
53,53,1262,2017-06-01 00:00:00,8194941,0.0001539974479376,"(""fake news"" OR ""misinformation"" OR ""disinformation"") AND (ads OR advertising OR ""micro-targeting"" OR ""microtargeting"" OR ""micro-targeting"" OR ""sponsored content"")",ads
54,54,1316,2017-07-01 00:00:00,8280850,0.0001589208837257,"(""fake news"" OR ""misinformation"" OR ""disinformation"") AND (ads OR advertising OR ""micro-targeting"" OR ""microtargeting"" OR ""micro-targeting"" OR ""sponsored content"")",ads
55,55,1296,2017-08-01 00:00:00,8816858,0.0001469911390202,"(""fake news"" OR ""misinformation"" OR ""disinformation"") AND (ads OR advertising OR ""micro-targeting"" OR ""microtargeting"" OR ""micro-targeting"" OR ""sponsored content"")",ads
56,56,4264,2017-09-01 00:00:00,8622102,0.0004945429780348,"(""fake news"" OR ""misinformation"" OR ""disinformation"") AND (ads OR advertising OR ""micro-targeting"" OR ""microtargeting"" OR ""micro-targeting"" OR ""sponsored content"")",ads
57,57,4684,2017-10-01 00:00:00,8922862,0.0005249436783848,"(""fake news"" OR ""misinformation"" OR ""disinformation"") AND (ads OR advertising OR ""micro-targeting"" OR ""microtargeting"" OR ""micro-targeting"" OR ""sponsored content"")",ads
58,58,3131,2017-11-01 00:00:00,9789734,0.000319824828744,"(""fake news"" OR ""misinformation"" OR ""disinformation"") AND (ads OR advertising OR ""micro-targeting"" OR ""microtargeting"" OR ""micro-targeting"" OR ""sponsored content"")",ads
59,59,2446,2017-12-01 00:00:00,12374183,0.0001976696158445,"(""fake news"" OR ""misinformation"" OR ""disinformation"") AND (ads OR advertising OR ""micro-targeting"" OR ""microtargeting"" OR ""micro-targeting"" OR ""sponsored content"")",ads
60,60,4278,2018-01-01 00:00:00,13519766,0.00031642559494,"(""fake news"" OR ""misinformation"" OR ""disinformation"") AND (ads OR advertising OR ""micro-targeting"" OR ""microtargeting"" OR ""micro-targeting"" OR ""sponsored content"")",ads
61,61,4465,2018-02-01 00:00:00,12367562,0.0003610250751118,"(""fake news"" OR ""misinformation"" OR ""disinformation"") AND (ads OR advertising OR ""micro-targeting"" OR ""microtargeting"" OR ""micro-targeting"" OR ""sponsored content"")",ads
62,62,7197,2018-03-01 00:00:00,13660735,0.0005268384168201,"(""fake news"" OR ""misinformation"" OR ""disinformation"") AND (ads OR advertising OR ""micro-targeting"" OR ""microtargeting"" OR ""micro-targeting"" OR ""sponsored content"")",ads
63,63,7481,2018-04-01 00:00:00,13316068,0.0005618024780287,"(""fake news"" OR ""misinformation"" OR ""disinformation"") AND (ads OR advertising OR ""micro-targeting"" OR ""microtargeting"" OR ""micro-targeting"" OR ""sponsored content"")",ads
64,64,4429,2018-05-01 00:00:00,14018000,0.0003159509202453,"(""fake news"" OR ""misinformation"" OR ""disinformation"") AND (ads OR advertising OR ""micro-targeting"" OR ""microtargeting"" OR ""micro-targeting"" OR ""sponsored content"")",ads
65,65,2150,2018-06-01 00:00:00,13189699,0.000163005994299,"(""fake news"" OR ""misinformation"" OR ""disinformation"") AND (ads OR advertising OR ""micro-targeting"" OR ""microtargeting"" OR ""micro-targeting"" OR ""sponsored content"")",ads
66,66,5769,2018-07-01 00:00:00,13618482,0.0004236154954715,"(""fake news"" OR ""misinformation"" OR ""disinformation"") AND (ads OR advertising OR ""micro-targeting"" OR ""microtargeting"" OR ""micro-targeting"" OR ""sponsored content"")",ads
67,67,3757,2018-08-01 00:00:00,12754231,0.0002945689159934,"(""fake news"" OR ""misinformation"" OR ""disinformation"") AND (ads OR advertising OR ""micro-targeting"" OR ""microtargeting"" OR ""micro-targeting"" OR ""sponsored content"")",ads
68,68,3451,2018-09-01 00:00:00,12148544,0.0002840669630862,"(""fake news"" OR ""misinformation"" OR ""disinformation"") AND (ads OR advertising OR ""micro-targeting"" OR ""microtargeting"" OR ""micro-targeting"" OR ""sponsored content"")",ads
69,69,5849,2018-10-01 00:00:00,13479224,0.0004339270569284,"(""fake news"" OR ""misinformation"" OR ""disinformation"") AND (ads OR advertising OR ""micro-targeting"" OR ""microtargeting"" OR ""micro-targeting"" OR ""sponsored content"")",ads
70,70,4937,2018-11-01 00:00:00,12989011,0.0003800905242131,"(""fake news"" OR ""misinformation"" OR ""disinformation"") AND (ads OR advertising OR ""micro-targeting"" OR ""microtargeting"" OR ""micro-targeting"" OR ""sponsored content"")",ads
71,71,3308,2018-12-01 00:00:00,10302556,0.0003210853694947,"(""fake news"" OR ""misinformation"" OR ""disinformation"") AND (ads OR advertising OR ""micro-targeting"" OR ""microtargeting"" OR ""micro-targeting"" OR ""sponsored content"")",ads
72,72,3320,2019-01-01 00:00:00,12364871,0.0002685025990161,"(""fake news"" OR ""misinformation"" OR ""disinformation"") AND (ads OR advertising OR ""micro-targeting"" OR ""microtargeting"" OR ""micro-targeting"" OR ""sponsored content"")",ads
73,73,3454,2019-02-01 00:00:00,11238601,0.0003073336263116,"(""fake news"" OR ""misinformation"" OR ""disinformation"") AND (ads OR advertising OR ""micro-targeting"" OR ""microtargeting"" OR ""micro-targeting"" OR ""sponsored content"")",ads
74,74,5167,2019-03-01 00:00:00,12879965,0.0004011656863974,"(""fake news"" OR ""misinformation"" OR ""disinformation"") AND (ads OR advertising OR ""micro-targeting"" OR ""microtargeting"" OR ""micro-targeting"" OR ""sponsored content"")",ads
75,75,4246,2019-04-01 00:00:00,13169061,0.0003224223807604,"(""fake news"" OR ""misinformation"" OR ""disinformation"") AND (ads OR advertising OR ""micro-targeting"" OR ""microtargeting"" OR ""micro-targeting"" OR ""sponsored content"")",ads
76,76,3777,2019-05-01 00:00:00,14724214,0.000256516239169,"(""fake news"" OR ""misinformation"" OR ""disinformation"") AND (ads OR advertising OR ""micro-targeting"" OR ""microtargeting"" OR ""micro-targeting"" OR ""sponsored content"")",ads
77,77,3186,2019-06-01 00:00:00,14025116,0.000227163896541,"(""fake news"" OR ""misinformation"" OR ""disinformation"") AND (ads OR advertising OR ""micro-targeting"" OR ""microtargeting"" OR ""micro-targeting"" OR ""sponsored content"")",ads
78,78,3147,2019-07-01 00:00:00,14367534,0.0002190355004554,"(""fake news"" OR ""misinformation"" OR ""disinformation"") AND (ads OR advertising OR ""micro-targeting"" OR ""microtargeting"" OR ""micro-targeting"" OR ""sponsored content"")",ads
79,79,2916,2019-08-01 00:00:00,12929158,0.0002255367286872,"(""fake news"" OR ""misinformation"" OR ""disinformation"") AND (ads OR advertising OR ""micro-targeting"" OR ""microtargeting"" OR ""micro-targeting"" OR ""sponsored content"")",ads
80,80,2960,2019-09-01 00:00:00,12972258,0.0002281792421951,"(""fake news"" OR ""misinformation"" OR ""disinformation"") AND (ads OR advertising OR ""micro-targeting"" OR ""microtargeting"" OR ""micro-targeting"" OR ""sponsored content"")",ads
81,81,7080,2019-10-01 00:00:00,13410775,0.0005279336951071,"(""fake news"" OR ""misinformation"" OR ""disinformation"") AND (ads OR advertising OR ""micro-targeting"" OR ""microtargeting"" OR ""micro-targeting"" OR ""sponsored content"")",ads
82,82,5011,2019-11-01 00:00:00,11874401,0.0004220002339486,"(""fake news"" OR ""misinformation"" OR ""disinformation"") AND (ads OR advertising OR ""micro-targeting"" OR ""microtargeting"" OR ""micro-targeting"" OR ""sponsored content"")",ads
83,83,4773,2019-12-01 00:00:00,12326861,0.0003872031979593,"(""fake news"" OR ""misinformation"" OR ""disinformation"") AND (ads OR advertising OR ""micro-targeting"" OR ""microtargeting"" OR ""micro-targeting"" OR ""sponsored content"")",ads
84,84,4521,2020-01-01 00:00:00,12745733,0.0003547069438846,"(""fake news"" OR ""misinformation"" OR ""disinformation"") AND (ads OR advertising OR ""micro-targeting"" OR ""microtargeting"" OR ""micro-targeting"" OR ""sponsored content"")",ads
85,85,4798,2020-02-01 00:00:00,12410666,0.0003866029429846,"(""fake news"" OR ""misinformation"" OR ""disinformation"") AND (ads OR advertising OR ""micro-targeting"" OR ""microtargeting"" OR ""micro-targeting"" OR ""sponsored content"")",ads
86,86,6001,2020-03-01 00:00:00,16081727,0.0003731564402256,"(""fake news"" OR ""misinformation"" OR ""disinformation"") AND (ads OR advertising OR ""micro-targeting"" OR ""microtargeting"" OR ""micro-targeting"" OR ""sponsored content"")",ads
87,87,4996,2020-04-01 00:00:00,16597948,0.0003010010635049,"(""fake news"" OR ""misinformation"" OR ""disinformation"") AND (ads OR advertising OR ""micro-targeting"" OR ""microtargeting"" OR ""micro-targeting"" OR ""sponsored content"")",ads
88,88,5916,2020-05-01 00:00:00,17346887,0.0003410410179071,"(""fake news"" OR ""misinformation"" OR ""disinformation"") AND (ads OR advertising OR ""micro-targeting"" OR ""microtargeting"" OR ""micro-targeting"" OR ""sponsored content"")",ads
89,89,9697,2020-06-01 00:00:00,17140704,0.0005657293889445,"(""fake news"" OR ""misinformation"" OR ""disinformation"") AND (ads OR advertising OR ""micro-targeting"" OR ""microtargeting"" OR ""micro-targeting"" OR ""sponsored content"")",ads
90,90,8154,2020-07-01 00:00:00,17242378,0.0004729046074735,"(""fake news"" OR ""misinformation"" OR ""disinformation"") AND (ads OR advertising OR ""micro-targeting"" OR ""microtargeting"" OR ""micro-targeting"" OR ""sponsored content"")",ads
91,91,5751,2020-08-01 00:00:00,17721748,0.000324516520605,"(""fake news"" OR ""misinformation"" OR ""disinformation"") AND (ads OR advertising OR ""micro-targeting"" OR ""microtargeting"" OR ""micro-targeting"" OR ""sponsored content"")",ads
92,92,11226,2020-09-01 00:00:00,24340612,0.0004612045087444,"(""fake news"" OR ""misinformation"" OR ""disinformation"") AND (ads OR advertising OR ""micro-targeting"" OR ""microtargeting"" OR ""micro-targeting"" OR ""sponsored content"")",ads
93,93,14771,2020-10-01 00:00:00,27668313,0.000533859798391,"(""fake news"" OR ""misinformation"" OR ""disinformation"") AND (ads OR advertising OR ""micro-targeting"" OR ""microtargeting"" OR ""micro-targeting"" OR ""sponsored content"")",ads
94,94,7128,2020-11-01 00:00:00,26083268,0.0002732786397778,"(""fake news"" OR ""misinformation"" OR ""disinformation"") AND (ads OR advertising OR ""micro-targeting"" OR ""microtargeting"" OR ""micro-targeting"" OR ""sponsored content"")",ads
95,95,6216,2020-12-01 00:00:00,25378123,0.0002449353720919,"(""fake news"" OR ""misinformation"" OR ""disinformation"") AND (ads OR advertising OR ""micro-targeting"" OR ""microtargeting"" OR ""micro-targeting"" OR ""sponsored content"")",ads
96,96,7207,2021-01-01 00:00:00,24791507,0.0002907043932424,"(""fake news"" OR ""misinformation"" OR ""disinformation"") AND (ads OR advertising OR ""micro-targeting"" OR ""microtargeting"" OR ""micro-targeting"" OR ""sponsored content"")",ads
97,97,7665,2021-02-01 00:00:00,25622587,0.000299150120946,"(""fake news"" OR ""misinformation"" OR ""disinformation"") AND (ads OR advertising OR ""micro-targeting"" OR ""microtargeting"" OR ""micro-targeting"" OR ""sponsored content"")",ads
98,98,5330,2021-03-01 00:00:00,25414507,0.000209722738277,"(""fake news"" OR ""misinformation"" OR ""disinformation"") AND (ads OR advertising OR ""micro-targeting"" OR ""microtargeting"" OR ""micro-targeting"" OR ""sponsored content"")",ads
99,99,3724,2021-04-01 00:00:00,21267809,0.0001751003124017,"(""fake news"" OR ""misinformation"" OR ""disinformation"") AND (ads OR advertising OR ""micro-targeting"" OR ""microtargeting"" OR ""micro-targeting"" OR ""sponsored content"")",ads
100,100,5400,2021-05-01 00:00:00,26967066,0.0002002442534905,"(""fake news"" OR ""misinformation"" OR ""disinformation"") AND (ads OR advertising OR ""micro-targeting"" OR ""microtargeting"" OR ""micro-targeting"" OR ""sponsored content"")",ads
101,101,4121,2021-06-01 00:00:00,28610235,0.0001440393621373,"(""fake news"" OR ""misinformation"" OR ""disinformation"") AND (ads OR advertising OR ""micro-targeting"" OR ""microtargeting"" OR ""micro-targeting"" OR ""sponsored content"")",ads
102,102,4192,2021-07-01 00:00:00,28394780,0.0001476327691216,"(""fake news"" OR ""misinformation"" OR ""disinformation"") AND (ads OR advertising OR ""micro-targeting"" OR ""microtargeting"" OR ""micro-targeting"" OR ""sponsored content"")",ads
103,103,4673,2021-08-01 00:00:00,21266591,0.000219734324133,"(""fake news"" OR ""misinformation"" OR ""disinformation"") AND (ads OR advertising OR ""micro-targeting"" OR ""microtargeting"" OR ""micro-targeting"" OR ""sponsored content"")",ads
104,104,5207,2021-09-01 00:00:00,28896783,0.0001801930685502,"(""fake news"" OR ""misinformation"" OR ""disinformation"") AND (ads OR advertising OR ""micro-targeting"" OR ""microtargeting"" OR ""micro-targeting"" OR ""sponsored content"")",ads
105,105,5425,2021-10-01 00:00:00,14001608,0.0003874554979685,"(""fake news"" OR ""misinformation"" OR ""disinformation"") AND (ads OR advertising OR ""micro-targeting"" OR ""microtargeting"" OR ""micro-targeting"" OR ""sponsored content"")",ads
0,0,285,2013-01-01 00:00:00,1162897,0.0002450775950062,"(""fake news"" OR ""misinformation"" OR ""disinformation"") AND (""social media"" OR ""social networks"" OR Facebook OR Instagram OR Twitter OR Tiktok)",social_media
1,1,331,2013-02-01 00:00:00,1114118,0.000297095998808,"(""fake news"" OR ""misinformation"" OR ""disinformation"") AND (""social media"" OR ""social networks"" OR Facebook OR Instagram OR Twitter OR Tiktok)",social_media
2,2,268,2013-03-01 00:00:00,2122793,0.0001262487675435,"(""fake news"" OR ""misinformation"" OR ""disinformation"") AND (""social media"" OR ""social networks"" OR Facebook OR Instagram OR Twitter OR Tiktok)",social_media
3,3,566,2013-04-01 00:00:00,2849652,0.0001986207438662,"(""fake news"" OR ""misinformation"" OR ""disinformation"") AND (""social media"" OR ""social networks"" OR Facebook OR Instagram OR Twitter OR Tiktok)",social_media
4,4,365,2013-05-01 00:00:00,4499184,8.11258219268205e-05,"(""fake news"" OR ""misinformation"" OR ""disinformation"") AND (""social media"" OR ""social networks"" OR Facebook OR Instagram OR Twitter OR Tiktok)",social_media
5,5,541,2013-06-01 00:00:00,5528896,9.784955260507705e-05,"(""fake news"" OR ""misinformation"" OR ""disinformation"") AND (""social media"" OR ""social networks"" OR Facebook OR Instagram OR Twitter OR Tiktok)",social_media
6,6,443,2013-07-01 00:00:00,5722439,7.74145429946916e-05,"(""fake news"" OR ""misinformation"" OR ""disinformation"") AND (""social media"" OR ""social networks"" OR Facebook OR Instagram OR Twitter OR Tiktok)",social_media
7,7,442,2013-08-01 00:00:00,5335503,8.284129912400012e-05,"(""fake news"" OR ""misinformation"" OR ""disinformation"") AND (""social media"" OR ""social networks"" OR Facebook OR Instagram OR Twitter OR Tiktok)",social_media
8,8,482,2013-09-01 00:00:00,4895721,9.845332280985784e-05,"(""fake news"" OR ""misinformation"" OR ""disinformation"") AND (""social media"" OR ""social networks"" OR Facebook OR Instagram OR Twitter OR Tiktok)",social_media
9,9,482,2013-10-01 00:00:00,5753197,8.377950555143515e-05,"(""fake news"" OR ""misinformation"" OR ""disinformation"") AND (""social media"" OR ""social networks"" OR Facebook OR Instagram OR Twitter OR Tiktok)",social_media
10,10,381,2013-11-01 00:00:00,5731629,6.647324870468762e-05,"(""fake news"" OR ""misinformation"" OR ""disinformation"") AND (""social media"" OR ""social networks"" OR Facebook OR Instagram OR Twitter OR Tiktok)",social_media
11,11,402,2013-12-01 00:00:00,5318966,7.55785992991871e-05,"(""fake news"" OR ""misinformation"" OR ""disinformation"") AND (""social media"" OR ""social networks"" OR Facebook OR Instagram OR Twitter OR Tiktok)",social_media
12,12,397,2014-01-01 00:00:00,5264713,7.540771928118399e-05,"(""fake news"" OR ""misinformation"" OR ""disinformation"") AND (""social media"" OR ""social networks"" OR Facebook OR Instagram OR Twitter OR Tiktok)",social_media
13,13,508,2014-02-01 00:00:00,5067546,0.0001002457599792,"(""fake news"" OR ""misinformation"" OR ""disinformation"") AND (""social media"" OR ""social networks"" OR Facebook OR Instagram OR Twitter OR Tiktok)",social_media
14,14,678,2014-03-01 00:00:00,5585409,0.0001213877085814,"(""fake news"" OR ""misinformation"" OR ""disinformation"") AND (""social media"" OR ""social networks"" OR Facebook OR Instagram OR Twitter OR Tiktok)",social_media
15,15,510,2014-04-01 00:00:00,5678831,8.980721560476091e-05,"(""fake news"" OR ""misinformation"" OR ""disinformation"") AND (""social media"" OR ""social networks"" OR Facebook OR Instagram OR Twitter OR Tiktok)",social_media
16,16,581,2014-05-01 00:00:00,5614724,0.0001034779269648,"(""fake news"" OR ""misinformation"" OR ""disinformation"") AND (""social media"" OR ""social networks"" OR Facebook OR Instagram OR Twitter OR Tiktok)",social_media
17,17,434,2014-06-01 00:00:00,5545022,7.826840001716855e-05,"(""fake news"" OR ""misinformation"" OR ""disinformation"") AND (""social media"" OR ""social networks"" OR Facebook OR Instagram OR Twitter OR Tiktok)",social_media
18,18,630,2014-07-01 00:00:00,5984708,0.0001052682937914,"(""fake news"" OR ""misinformation"" OR ""disinformation"") AND (""social media"" OR ""social networks"" OR Facebook OR Instagram OR Twitter OR Tiktok)",social_media
19,19,847,2014-08-01 00:00:00,5908826,0.0001433448878,"(""fake news"" OR ""misinformation"" OR ""disinformation"") AND (""social media"" OR ""social networks"" OR Facebook OR Instagram OR Twitter OR Tiktok)",social_media
20,20,654,2014-09-01 00:00:00,5866829,0.0001114741881858,"(""fake news"" OR ""misinformation"" OR ""disinformation"") AND (""social media"" OR ""social networks"" OR Facebook OR Instagram OR Twitter OR Tiktok)",social_media
21,21,961,2014-10-01 00:00:00,5792903,0.0001658926448449,"(""fake news"" OR ""misinformation"" OR ""disinformation"") AND (""social media"" OR ""social networks"" OR Facebook OR Instagram OR Twitter OR Tiktok)",social_media
22,22,542,2014-11-01 00:00:00,5314544,0.0001019842906559,"(""fake news"" OR ""misinformation"" OR ""disinformation"") AND (""social media"" OR ""social networks"" OR Facebook OR Instagram OR Twitter OR Tiktok)",social_media
23,23,544,2014-12-01 00:00:00,5260195,0.0001034182192865,"(""fake news"" OR ""misinformation"" OR ""disinformation"") AND (""social media"" OR ""social networks"" OR Facebook OR Instagram OR Twitter OR Tiktok)",social_media
24,24,715,2015-01-01 00:00:00,5507816,0.0001298155203441,"(""fake news"" OR ""misinformation"" OR ""disinformation"") AND (""social media"" OR ""social networks"" OR Facebook OR Instagram OR Twitter OR Tiktok)",social_media
25,25,820,2015-02-01 00:00:00,5244516,0.0001563537989015,"(""fake news"" OR ""misinformation"" OR ""disinformation"") AND (""social media"" OR ""social networks"" OR Facebook OR Instagram OR Twitter OR Tiktok)",social_media
26,26,574,2015-03-01 00:00:00,5782512,9.926481778161465e-05,"(""fake news"" OR ""misinformation"" OR ""disinformation"") AND (""social media"" OR ""social networks"" OR Facebook OR Instagram OR Twitter OR Tiktok)",social_media
27,27,610,2015-04-01 00:00:00,5512932,0.0001106489251091,"(""fake news"" OR ""misinformation"" OR ""disinformation"") AND (""social media"" OR ""social networks"" OR Facebook OR Instagram OR Twitter OR Tiktok)",social_media
28,28,558,2015-05-01 00:00:00,5522993,0.000101032175851,"(""fake news"" OR ""misinformation"" OR ""disinformation"") AND (""social media"" OR ""social networks"" OR Facebook OR Instagram OR Twitter OR Tiktok)",social_media
29,29,713,2015-06-01 00:00:00,5613949,0.0001270050725434,"(""fake news"" OR ""misinformation"" OR ""disinformation"") AND (""social media"" OR ""social networks"" OR Facebook OR Instagram OR Twitter OR Tiktok)",social_media
30,30,807,2015-07-01 00:00:00,5487580,0.000147059359499,"(""fake news"" OR ""misinformation"" OR ""disinformation"") AND (""social media"" OR ""social networks"" OR Facebook OR Instagram OR Twitter OR Tiktok)",social_media
31,31,627,2015-08-01 00:00:00,5377132,0.000116604911317,"(""fake news"" OR ""misinformation"" OR ""disinformation"") AND (""social media"" OR ""social networks"" OR Facebook OR Instagram OR Twitter OR Tiktok)",social_media
32,32,613,2015-09-01 00:00:00,5816241,0.0001053945323104,"(""fake news"" OR ""misinformation"" OR ""disinformation"") AND (""social media"" OR ""social networks"" OR Facebook OR Instagram OR Twitter OR Tiktok)",social_media
33,33,752,2015-10-01 00:00:00,5957769,0.0001262217450861,"(""fake news"" OR ""misinformation"" OR ""disinformation"") AND (""social media"" OR ""social networks"" OR Facebook OR Instagram OR Twitter OR Tiktok)",social_media
34,34,859,2015-11-01 00:00:00,5711112,0.0001504085369013,"(""fake news"" OR ""misinformation"" OR ""disinformation"") AND (""social media"" OR ""social networks"" OR Facebook OR Instagram OR Twitter OR Tiktok)",social_media
35,35,661,2015-12-01 00:00:00,5747715,0.0001150022226223,"(""fake news"" OR ""misinformation"" OR ""disinformation"") AND (""social media"" OR ""social networks"" OR Facebook OR Instagram OR Twitter OR Tiktok)",social_media
36,36,846,2016-01-01 00:00:00,6188008,0.0001367160482016,"(""fake news"" OR ""misinformation"" OR ""disinformation"") AND (""social media"" OR ""social networks"" OR Facebook OR Instagram OR Twitter OR Tiktok)",social_media
37,37,885,2016-02-01 00:00:00,6112209,0.0001447921692468,"(""fake news"" OR ""misinformation"" OR ""disinformation"") AND (""social media"" OR ""social networks"" OR Facebook OR Instagram OR Twitter OR Tiktok)",social_media
38,38,940,2016-03-01 00:00:00,6599467,0.0001424357451897,"(""fake news"" OR ""misinformation"" OR ""disinformation"") AND (""social media"" OR ""social networks"" OR Facebook OR Instagram OR Twitter OR Tiktok)",social_media
39,39,972,2016-04-01 00:00:00,6364547,0.0001527210027673,"(""fake news"" OR ""misinformation"" OR ""disinformation"") AND (""social media"" OR ""social networks"" OR Facebook OR Instagram OR Twitter OR Tiktok)",social_media
40,40,1143,2016-05-01 00:00:00,6568848,0.0001740031128745,"(""fake news"" OR ""misinformation"" OR ""disinformation"") AND (""social media"" OR ""social networks"" OR Facebook OR Instagram OR Twitter OR Tiktok)",social_media
41,41,1032,2016-06-01 00:00:00,6564926,0.0001571990301185,"(""fake news"" OR ""misinformation"" OR ""disinformation"") AND (""social media"" OR ""social networks"" OR Facebook OR Instagram OR Twitter OR Tiktok)",social_media
42,42,1229,2016-07-01 00:00:00,6605289,0.0001860630170761,"(""fake news"" OR ""misinformation"" OR ""disinformation"") AND (""social media"" OR ""social networks"" OR Facebook OR Instagram OR Twitter OR Tiktok)",social_media
43,43,1187,2016-08-01 00:00:00,7134547,0.0001663735623298,"(""fake news"" OR ""misinformation"" OR ""disinformation"") AND (""social media"" OR ""social networks"" OR Facebook OR Instagram OR Twitter OR Tiktok)",social_media
44,44,1309,2016-09-01 00:00:00,7195794,0.0001819118223784,"(""fake news"" OR ""misinformation"" OR ""disinformation"") AND (""social media"" OR ""social networks"" OR Facebook OR Instagram OR Twitter OR Tiktok)",social_media
45,45,1830,2016-10-01 00:00:00,7537019,0.0002428015638543,"(""fake news"" OR ""misinformation"" OR ""disinformation"") AND (""social media"" OR ""social networks"" OR Facebook OR Instagram OR Twitter OR Tiktok)",social_media
46,46,9922,2016-11-01 00:00:00,7404767,0.0013399476310328,"(""fake news"" OR ""misinformation"" OR ""disinformation"") AND (""social media"" OR ""social networks"" OR Facebook OR Instagram OR Twitter OR Tiktok)",social_media
47,47,13908,2016-12-01 00:00:00,7097225,0.00195963915474,"(""fake news"" OR ""misinformation"" OR ""disinformation"") AND (""social media"" OR ""social networks"" OR Facebook OR Instagram OR Twitter OR Tiktok)",social_media
48,48,13655,2017-01-01 00:00:00,7915149,0.0017251728299745,"(""fake news"" OR ""misinformation"" OR ""disinformation"") AND (""social media"" OR ""social networks"" OR Facebook OR Instagram OR Twitter OR Tiktok)",social_media
49,49,14107,2017-02-01 00:00:00,7523352,0.0018750950374248,"(""fake news"" OR ""misinformation"" OR ""disinformation"") AND (""social media"" OR ""social networks"" OR Facebook OR Instagram OR Twitter OR Tiktok)",social_media
50,50,10424,2017-03-01 00:00:00,8498023,0.0012266382428007,"(""fake news"" OR ""misinformation"" OR ""disinformation"") AND (""social media"" OR ""social networks"" OR Facebook OR Instagram OR Twitter OR Tiktok)",social_media
51,51,10378,2017-04-01 00:00:00,8240161,0.0012594414113996,"(""fake news"" OR ""misinformation"" OR ""disinformation"") AND (""social media"" OR ""social networks"" OR Facebook OR Instagram OR Twitter OR Tiktok)",social_media
52,52,12163,2017-05-01 00:00:00,9059893,0.0013425103364907,"(""fake news"" OR ""misinformation"" OR ""disinformation"") AND (""social media"" OR ""social networks"" OR Facebook OR Instagram OR Twitter OR Tiktok)",social_media
53,53,10891,2017-06-01 00:00:00,8194941,0.001328990654112,"(""fake news"" OR ""misinformation"" OR ""disinformation"") AND (""social media"" OR ""social networks"" OR Facebook OR Instagram OR Twitter OR Tiktok)",social_media
54,54,11771,2017-07-01 00:00:00,8280850,0.0014214724333854,"(""fake news"" OR ""misinformation"" OR ""disinformation"") AND (""social media"" OR ""social networks"" OR Facebook OR Instagram OR Twitter OR Tiktok)",social_media
55,55,11646,2017-08-01 00:00:00,8816858,0.0013208787075849,"(""fake news"" OR ""misinformation"" OR ""disinformation"") AND (""social media"" OR ""social networks"" OR Facebook OR Instagram OR Twitter OR Tiktok)",social_media
56,56,12980,2017-09-01 00:00:00,8622102,0.0015054333618414,"(""fake news"" OR ""misinformation"" OR ""disinformation"") AND (""social media"" OR ""social networks"" OR Facebook OR Instagram OR Twitter OR Tiktok)",social_media
57,57,15118,2017-10-01 00:00:00,8922862,0.0016942994299362,"(""fake news"" OR ""misinformation"" OR ""disinformation"") AND (""social media"" OR ""social networks"" OR Facebook OR Instagram OR Twitter OR Tiktok)",social_media
58,58,13724,2017-11-01 00:00:00,9789734,0.0014018767006335,"(""fake news"" OR ""misinformation"" OR ""disinformation"") AND (""social media"" OR ""social networks"" OR Facebook OR Instagram OR Twitter OR Tiktok)",social_media
59,59,19244,2017-12-01 00:00:00,12374183,0.0015551733799314,"(""fake news"" OR ""misinformation"" OR ""disinformation"") AND (""social media"" OR ""social networks"" OR Facebook OR Instagram OR Twitter OR Tiktok)",social_media
60,60,27341,2018-01-01 00:00:00,13519766,0.0020222983149264,"(""fake news"" OR ""misinformation"" OR ""disinformation"") AND (""social media"" OR ""social networks"" OR Facebook OR Instagram OR Twitter OR Tiktok)",social_media
61,61,20082,2018-02-01 00:00:00,12367562,0.0016237638428657,"(""fake news"" OR ""misinformation"" OR ""disinformation"") AND (""social media"" OR ""social networks"" OR Facebook OR Instagram OR Twitter OR Tiktok)",social_media
62,62,29226,2018-03-01 00:00:00,13660735,0.0021394163637608,"(""fake news"" OR ""misinformation"" OR ""disinformation"") AND (""social media"" OR ""social networks"" OR Facebook OR Instagram OR Twitter OR Tiktok)",social_media
63,63,28940,2018-04-01 00:00:00,13316068,0.0021733142245894,"(""fake news"" OR ""misinformation"" OR ""disinformation"") AND (""social media"" OR ""social networks"" OR Facebook OR Instagram OR Twitter OR Tiktok)",social_media
64,64,19339,2018-05-01 00:00:00,14018000,0.0013795833927807,"(""fake news"" OR ""misinformation"" OR ""disinformation"") AND (""social media"" OR ""social networks"" OR Facebook OR Instagram OR Twitter OR Tiktok)",social_media
65,65,17197,2018-06-01 00:00:00,13189699,0.0013038205041676,"(""fake news"" OR ""misinformation"" OR ""disinformation"") AND (""social media"" OR ""social networks"" OR Facebook OR Instagram OR Twitter OR Tiktok)",social_media
66,66,28839,2018-07-01 00:00:00,13618482,0.0021176368996192,"(""fake news"" OR ""misinformation"" OR ""disinformation"") AND (""social media"" OR ""social networks"" OR Facebook OR Instagram OR Twitter OR Tiktok)",social_media
67,67,28758,2018-08-01 00:00:00,12754231,0.0022547811781047,"(""fake news"" OR ""misinformation"" OR ""disinformation"") AND (""social media"" OR ""social networks"" OR Facebook OR Instagram OR Twitter OR Tiktok)",social_media
68,68,18668,2018-09-01 00:00:00,12148544,0.00153664504981,"(""fake news"" OR ""misinformation"" OR ""disinformation"") AND (""social media"" OR ""social networks"" OR Facebook OR Instagram OR Twitter OR Tiktok)",social_media
69,69,29415,2018-10-01 00:00:00,13479224,0.002182247286639,"(""fake news"" OR ""misinformation"" OR ""disinformation"") AND (""social media"" OR ""social networks"" OR Facebook OR Instagram OR Twitter OR Tiktok)",social_media
70,70,25416,2018-11-01 00:00:00,12989011,0.0019567309628115,"(""fake news"" OR ""misinformation"" OR ""disinformation"") AND (""social media"" OR ""social networks"" OR Facebook OR Instagram OR Twitter OR Tiktok)",social_media
71,71,17693,2018-12-01 00:00:00,10302556,0.0017173408229957,"(""fake news"" OR ""misinformation"" OR ""disinformation"") AND (""social media"" OR ""social networks"" OR Facebook OR Instagram OR Twitter OR Tiktok)",social_media
72,72,20881,2019-01-01 00:00:00,12364871,0.0016887357741136,"(""fake news"" OR ""misinformation"" OR ""disinformation"") AND (""social media"" OR ""social networks"" OR Facebook OR Instagram OR Twitter OR Tiktok)",social_media
73,73,18184,2019-02-01 00:00:00,11238601,0.0016179949799801,"(""fake news"" OR ""misinformation"" OR ""disinformation"") AND (""social media"" OR ""social networks"" OR Facebook OR Instagram OR Twitter OR Tiktok)",social_media
74,74,25469,2019-03-01 00:00:00,12879965,0.0019774122057008,"(""fake news"" OR ""misinformation"" OR ""disinformation"") AND (""social media"" OR ""social networks"" OR Facebook OR Instagram OR Twitter OR Tiktok)",social_media
75,75,23540,2019-04-01 00:00:00,13169061,0.0017875230435943,"(""fake news"" OR ""misinformation"" OR ""disinformation"") AND (""social media"" OR ""social networks"" OR Facebook OR Instagram OR Twitter OR Tiktok)",social_media
76,76,24880,2019-05-01 00:00:00,14724214,0.0016897336591277,"(""fake news"" OR ""misinformation"" OR ""disinformation"") AND (""social media"" OR ""social networks"" OR Facebook OR Instagram OR Twitter OR Tiktok)",social_media
77,77,21034,2019-06-01 00:00:00,14025116,0.0014997380413823,"(""fake news"" OR ""misinformation"" OR ""disinformation"") AND (""social media"" OR ""social networks"" OR Facebook OR Instagram OR Twitter OR Tiktok)",social_media
78,78,17100,2019-07-01 00:00:00,14367534,0.0011901833675841,"(""fake news"" OR ""misinformation"" OR ""disinformation"") AND (""social media"" OR ""social networks"" OR Facebook OR Instagram OR Twitter OR Tiktok)",social_media
79,79,19119,2019-08-01 00:00:00,12929158,0.0014787505883987,"(""fake news"" OR ""misinformation"" OR ""disinformation"") AND (""social media"" OR ""social networks"" OR Facebook OR Instagram OR Twitter OR Tiktok)",social_media
80,80,17877,2019-09-01 00:00:00,12972258,0.0013780947002441,"(""fake news"" OR ""misinformation"" OR ""disinformation"") AND (""social media"" OR ""social networks"" OR Facebook OR Instagram OR Twitter OR Tiktok)",social_media
81,81,21903,2019-10-01 00:00:00,13410775,0.001633238944058,"(""fake news"" OR ""misinformation"" OR ""disinformation"") AND (""social media"" OR ""social networks"" OR Facebook OR Instagram OR Twitter OR Tiktok)",social_media
82,82,18249,2019-11-01 00:00:00,11874401,0.0015368354159506,"(""fake news"" OR ""misinformation"" OR ""disinformation"") AND (""social media"" OR ""social networks"" OR Facebook OR Instagram OR Twitter OR Tiktok)",social_media
83,83,19068,2019-12-01 00:00:00,12326861,0.0015468658241542,"(""fake news"" OR ""misinformation"" OR ""disinformation"") AND (""social media"" OR ""social networks"" OR Facebook OR Instagram OR Twitter OR Tiktok)",social_media
84,84,20562,2020-01-01 00:00:00,12745733,0.0016132457819412,"(""fake news"" OR ""misinformation"" OR ""disinformation"") AND (""social media"" OR ""social networks"" OR Facebook OR Instagram OR Twitter OR Tiktok)",social_media
85,85,25198,2020-02-01 00:00:00,12410666,0.0020303503454206,"(""fake news"" OR ""misinformation"" OR ""disinformation"") AND (""social media"" OR ""social networks"" OR Facebook OR Instagram OR Twitter OR Tiktok)",social_media
86,86,46593,2020-03-01 00:00:00,16081727,0.0028972634593287,"(""fake news"" OR ""misinformation"" OR ""disinformation"") AND (""social media"" OR ""social networks"" OR Facebook OR Instagram OR Twitter OR Tiktok)",social_media
87,87,44200,2020-04-01 00:00:00,16597948,0.002662979785212,"(""fake news"" OR ""misinformation"" OR ""disinformation"") AND (""social media"" OR ""social networks"" OR Facebook OR Instagram OR Twitter OR Tiktok)",social_media
88,88,39318,2020-05-01 00:00:00,17346887,0.0022665738238797,"(""fake news"" OR ""misinformation"" OR ""disinformation"") AND (""social media"" OR ""social networks"" OR Facebook OR Instagram OR Twitter OR Tiktok)",social_media
89,89,41507,2020-06-01 00:00:00,17140704,0.0024215458128207,"(""fake news"" OR ""misinformation"" OR ""disinformation"") AND (""social media"" OR ""social networks"" OR Facebook OR Instagram OR Twitter OR Tiktok)",social_media
90,90,35973,2020-07-01 00:00:00,17242378,0.0020863131523969,"(""fake news"" OR ""misinformation"" OR ""disinformation"") AND (""social media"" OR ""social networks"" OR Facebook OR Instagram OR Twitter OR Tiktok)",social_media
91,91,38051,2020-08-01 00:00:00,17721748,0.002147135824299,"(""fake news"" OR ""misinformation"" OR ""disinformation"") AND (""social media"" OR ""social networks"" OR Facebook OR Instagram OR Twitter OR Tiktok)",social_media
92,92,54087,2020-09-01 00:00:00,24340612,0.0022220887461662,"(""fake news"" OR ""misinformation"" OR ""disinformation"") AND (""social media"" OR ""social networks"" OR Facebook OR Instagram OR Twitter OR Tiktok)",social_media
93,93,74675,2020-10-01 00:00:00,27668313,0.0026989357826044,"(""fake news"" OR ""misinformation"" OR ""disinformation"") AND (""social media"" OR ""social networks"" OR Facebook OR Instagram OR Twitter OR Tiktok)",social_media
94,94,64277,2020-11-01 00:00:00,26083268,0.0024643001022724,"(""fake news"" OR ""misinformation"" OR ""disinformation"") AND (""social media"" OR ""social networks"" OR Facebook OR Instagram OR Twitter OR Tiktok)",social_media
95,95,44765,2020-12-01 00:00:00,25378123,0.0017639208384323,"(""fake news"" OR ""misinformation"" OR ""disinformation"") AND (""social media"" OR ""social networks"" OR Facebook OR Instagram OR Twitter OR Tiktok)",social_media
96,96,62298,2021-01-01 00:00:00,24791507,0.0025128766879722,"(""fake news"" OR ""misinformation"" OR ""disinformation"") AND (""social media"" OR ""social networks"" OR Facebook OR Instagram OR Twitter OR Tiktok)",social_media
97,97,51929,2021-02-01 00:00:00,25622587,0.0020266884058194,"(""fake news"" OR ""misinformation"" OR ""disinformation"") AND (""social media"" OR ""social networks"" OR Facebook OR Instagram OR Twitter OR Tiktok)",social_media
98,98,40193,2021-03-01 00:00:00,25414507,0.0015814983151158,"(""fake news"" OR ""misinformation"" OR ""disinformation"") AND (""social media"" OR ""social networks"" OR Facebook OR Instagram OR Twitter OR Tiktok)",social_media
99,99,27097,2021-04-01 00:00:00,21267809,0.0012740851678703,"(""fake news"" OR ""misinformation"" OR ""disinformation"") AND (""social media"" OR ""social networks"" OR Facebook OR Instagram OR Twitter OR Tiktok)",social_media
100,100,39579,2021-05-01 00:00:00,26967066,0.0014676791312781,"(""fake news"" OR ""misinformation"" OR ""disinformation"") AND (""social media"" OR ""social networks"" OR Facebook OR Instagram OR Twitter OR Tiktok)",social_media
101,101,34459,2021-06-01 00:00:00,28610235,0.0012044291142662,"(""fake news"" OR ""misinformation"" OR ""disinformation"") AND (""social media"" OR ""social networks"" OR Facebook OR Instagram OR Twitter OR Tiktok)",social_media
102,102,51738,2021-07-01 00:00:00,28394780,0.0018220954696602,"(""fake news"" OR ""misinformation"" OR ""disinformation"") AND (""social media"" OR ""social networks"" OR Facebook OR Instagram OR Twitter OR Tiktok)",social_media
103,103,33654,2021-08-01 00:00:00,21266591,0.0015824821194896,"(""fake news"" OR ""misinformation"" OR ""disinformation"") AND (""social media"" OR ""social networks"" OR Facebook OR Instagram OR Twitter OR Tiktok)",social_media
104,104,44565,2021-09-01 00:00:00,28896783,0.0015422131937662,"(""fake news"" OR ""misinformation"" OR ""disinformation"") AND (""social media"" OR ""social networks"" OR Facebook OR Instagram OR Twitter OR Tiktok)",social_media
105,105,30519,2021-10-01 00:00:00,14001608,0.0021796782198158,"(""fake news"" OR ""misinformation"" OR ""disinformation"") AND (""social media"" OR ""social networks"" OR Facebook OR Instagram OR Twitter OR Tiktok)",social_media
0,0,136,2013-01-01 00:00:00,1162897,0.0001169493084942,"(""fake news"" OR ""misinformation"" OR ""disinformation"") AND (""search engine"" OR Google OR Bing OR Yandex OR Yahoo OR Duckduckgo OR Youtube)",search_engines
1,1,123,2013-02-01 00:00:00,1114118,0.0001104012321854,"(""fake news"" OR ""misinformation"" OR ""disinformation"") AND (""search engine"" OR Google OR Bing OR Yandex OR Yahoo OR Duckduckgo OR Youtube)",search_engines
2,2,131,2013-03-01 00:00:00,2122793,6.171115129925528e-05,"(""fake news"" OR ""misinformation"" OR ""disinformation"") AND (""search engine"" OR Google OR Bing OR Yandex OR Yahoo OR Duckduckgo OR Youtube)",search_engines
3,3,220,2013-04-01 00:00:00,2849652,7.72024092766415e-05,"(""fake news"" OR ""misinformation"" OR ""disinformation"") AND (""search engine"" OR Google OR Bing OR Yandex OR Yahoo OR Duckduckgo OR Youtube)",search_engines
4,4,283,2013-05-01 00:00:00,4499184,6.290029480901426e-05,"(""fake news"" OR ""misinformation"" OR ""disinformation"") AND (""search engine"" OR Google OR Bing OR Yandex OR Yahoo OR Duckduckgo OR Youtube)",search_engines
5,5,372,2013-06-01 00:00:00,5528896,6.72828716619014e-05,"(""fake news"" OR ""misinformation"" OR ""disinformation"") AND (""search engine"" OR Google OR Bing OR Yandex OR Yahoo OR Duckduckgo OR Youtube)",search_engines
6,6,306,2013-07-01 00:00:00,5722439,5.34737023845951e-05,"(""fake news"" OR ""misinformation"" OR ""disinformation"") AND (""search engine"" OR Google OR Bing OR Yandex OR Yahoo OR Duckduckgo OR Youtube)",search_engines
7,7,269,2013-08-01 00:00:00,5335503,5.041698973836206e-05,"(""fake news"" OR ""misinformation"" OR ""disinformation"") AND (""search engine"" OR Google OR Bing OR Yandex OR Yahoo OR Duckduckgo OR Youtube)",search_engines
8,8,185,2013-09-01 00:00:00,4895721,3.7788101078472406e-05,"(""fake news"" OR ""misinformation"" OR ""disinformation"") AND (""search engine"" OR Google OR Bing OR Yandex OR Yahoo OR Duckduckgo OR Youtube)",search_engines
9,9,211,2013-10-01 00:00:00,5753197,3.667526072894775e-05,"(""fake news"" OR ""misinformation"" OR ""disinformation"") AND (""search engine"" OR Google OR Bing OR Yandex OR Yahoo OR Duckduckgo OR Youtube)",search_engines
10,10,234,2013-11-01 00:00:00,5731629,4.082608975563492e-05,"(""fake news"" OR ""misinformation"" OR ""disinformation"") AND (""search engine"" OR Google OR Bing OR Yandex OR Yahoo OR Duckduckgo OR Youtube)",search_engines
11,11,234,2013-12-01 00:00:00,5318966,4.399351302489995e-05,"(""fake news"" OR ""misinformation"" OR ""disinformation"") AND (""search engine"" OR Google OR Bing OR Yandex OR Yahoo OR Duckduckgo OR Youtube)",search_engines
12,12,210,2014-01-01 00:00:00,5264713,3.988821422934166e-05,"(""fake news"" OR ""misinformation"" OR ""disinformation"") AND (""search engine"" OR Google OR Bing OR Yandex OR Yahoo OR Duckduckgo OR Youtube)",search_engines
13,13,247,2014-02-01 00:00:00,5067546,4.874154077733088e-05,"(""fake news"" OR ""misinformation"" OR ""disinformation"") AND (""search engine"" OR Google OR Bing OR Yandex OR Yahoo OR Duckduckgo OR Youtube)",search_engines
14,14,364,2014-03-01 00:00:00,5585409,6.516980224724814e-05,"(""fake news"" OR ""misinformation"" OR ""disinformation"") AND (""search engine"" OR Google OR Bing OR Yandex OR Yahoo OR Duckduckgo OR Youtube)",search_engines
15,15,328,2014-04-01 00:00:00,5678831,5.775836611443447e-05,"(""fake news"" OR ""misinformation"" OR ""disinformation"") AND (""search engine"" OR Google OR Bing OR Yandex OR Yahoo OR Duckduckgo OR Youtube)",search_engines
16,16,279,2014-05-01 00:00:00,5614724,4.969077732048806e-05,"(""fake news"" OR ""misinformation"" OR ""disinformation"") AND (""search engine"" OR Google OR Bing OR Yandex OR Yahoo OR Duckduckgo OR Youtube)",search_engines
17,17,227,2014-06-01 00:00:00,5545022,4.093761936381857e-05,"(""fake news"" OR ""misinformation"" OR ""disinformation"") AND (""search engine"" OR Google OR Bing OR Yandex OR Yahoo OR Duckduckgo OR Youtube)",search_engines
18,18,278,2014-07-01 00:00:00,5984708,4.645172329209713e-05,"(""fake news"" OR ""misinformation"" OR ""disinformation"") AND (""search engine"" OR Google OR Bing OR Yandex OR Yahoo OR Duckduckgo OR Youtube)",search_engines
19,19,352,2014-08-01 00:00:00,5908826,5.957190142339612e-05,"(""fake news"" OR ""misinformation"" OR ""disinformation"") AND (""search engine"" OR Google OR Bing OR Yandex OR Yahoo OR Duckduckgo OR Youtube)",search_engines
20,20,254,2014-09-01 00:00:00,5866829,4.3294256573695947e-05,"(""fake news"" OR ""misinformation"" OR ""disinformation"") AND (""search engine"" OR Google OR Bing OR Yandex OR Yahoo OR Duckduckgo OR Youtube)",search_engines
21,21,335,2014-10-01 00:00:00,5792903,5.782938191783981e-05,"(""fake news"" OR ""misinformation"" OR ""disinformation"") AND (""search engine"" OR Google OR Bing OR Yandex OR Yahoo OR Duckduckgo OR Youtube)",search_engines
22,22,224,2014-11-01 00:00:00,5314544,4.214848912719511e-05,"(""fake news"" OR ""misinformation"" OR ""disinformation"") AND (""search engine"" OR Google OR Bing OR Yandex OR Yahoo OR Duckduckgo OR Youtube)",search_engines
23,23,205,2014-12-01 00:00:00,5260195,3.897193925320259e-05,"(""fake news"" OR ""misinformation"" OR ""disinformation"") AND (""search engine"" OR Google OR Bing OR Yandex OR Yahoo OR Duckduckgo OR Youtube)",search_engines
24,24,259,2015-01-01 00:00:00,5507816,4.7024083593206456e-05,"(""fake news"" OR ""misinformation"" OR ""disinformation"") AND (""search engine"" OR Google OR Bing OR Yandex OR Yahoo OR Duckduckgo OR Youtube)",search_engines
25,25,276,2015-02-01 00:00:00,5244516,5.262640060589004e-05,"(""fake news"" OR ""misinformation"" OR ""disinformation"") AND (""search engine"" OR Google OR Bing OR Yandex OR Yahoo OR Duckduckgo OR Youtube)",search_engines
26,26,259,2015-03-01 00:00:00,5782512,4.479022265755782e-05,"(""fake news"" OR ""misinformation"" OR ""disinformation"") AND (""search engine"" OR Google OR Bing OR Yandex OR Yahoo OR Duckduckgo OR Youtube)",search_engines
27,27,293,2015-04-01 00:00:00,5512932,5.31477623885076e-05,"(""fake news"" OR ""misinformation"" OR ""disinformation"") AND (""search engine"" OR Google OR Bing OR Yandex OR Yahoo OR Duckduckgo OR Youtube)",search_engines
28,28,214,2015-05-01 00:00:00,5522993,3.874710686759878e-05,"(""fake news"" OR ""misinformation"" OR ""disinformation"") AND (""search engine"" OR Google OR Bing OR Yandex OR Yahoo OR Duckduckgo OR Youtube)",search_engines
29,29,267,2015-06-01 00:00:00,5613949,4.7560104304474446e-05,"(""fake news"" OR ""misinformation"" OR ""disinformation"") AND (""search engine"" OR Google OR Bing OR Yandex OR Yahoo OR Duckduckgo OR Youtube)",search_engines
30,30,265,2015-07-01 00:00:00,5487580,4.829086774133589e-05,"(""fake news"" OR ""misinformation"" OR ""disinformation"") AND (""search engine"" OR Google OR Bing OR Yandex OR Yahoo OR Duckduckgo OR Youtube)",search_engines
31,31,268,2015-08-01 00:00:00,5377132,4.984069574635698e-05,"(""fake news"" OR ""misinformation"" OR ""disinformation"") AND (""search engine"" OR Google OR Bing OR Yandex OR Yahoo OR Duckduckgo OR Youtube)",search_engines
32,32,187,2015-09-01 00:00:00,5816241,3.21513499870449e-05,"(""fake news"" OR ""misinformation"" OR ""disinformation"") AND (""search engine"" OR Google OR Bing OR Yandex OR Yahoo OR Duckduckgo OR Youtube)",search_engines
33,33,214,2015-10-01 00:00:00,5957769,3.591948596865706e-05,"(""fake news"" OR ""misinformation"" OR ""disinformation"") AND (""search engine"" OR Google OR Bing OR Yandex OR Yahoo OR Duckduckgo OR Youtube)",search_engines
34,34,242,2015-11-01 00:00:00,5711112,4.237353426092852e-05,"(""fake news"" OR ""misinformation"" OR ""disinformation"") AND (""search engine"" OR Google OR Bing OR Yandex OR Yahoo OR Duckduckgo OR Youtube)",search_engines
35,35,201,2015-12-01 00:00:00,5747715,3.497041867942304e-05,"(""fake news"" OR ""misinformation"" OR ""disinformation"") AND (""search engine"" OR Google OR Bing OR Yandex OR Yahoo OR Duckduckgo OR Youtube)",search_engines
36,36,351,2016-01-01 00:00:00,6188008,5.672261574322464e-05,"(""fake news"" OR ""misinformation"" OR ""disinformation"") AND (""search engine"" OR Google OR Bing OR Yandex OR Yahoo OR Duckduckgo OR Youtube)",search_engines
37,37,294,2016-02-01 00:00:00,6112209,4.810044944470976e-05,"(""fake news"" OR ""misinformation"" OR ""disinformation"") AND (""search engine"" OR Google OR Bing OR Yandex OR Yahoo OR Duckduckgo OR Youtube)",search_engines
38,38,245,2016-03-01 00:00:00,6599467,3.7124210182428366e-05,"(""fake news"" OR ""misinformation"" OR ""disinformation"") AND (""search engine"" OR Google OR Bing OR Yandex OR Yahoo OR Duckduckgo OR Youtube)",search_engines
39,39,331,2016-04-01 00:00:00,6364547,5.200684353497586e-05,"(""fake news"" OR ""misinformation"" OR ""disinformation"") AND (""search engine"" OR Google OR Bing OR Yandex OR Yahoo OR Duckduckgo OR Youtube)",search_engines
40,40,358,2016-05-01 00:00:00,6568848,5.449966265013287e-05,"(""fake news"" OR ""misinformation"" OR ""disinformation"") AND (""search engine"" OR Google OR Bing OR Yandex OR Yahoo OR Duckduckgo OR Youtube)",search_engines
41,41,308,2016-06-01 00:00:00,6564926,4.691598960902225e-05,"(""fake news"" OR ""misinformation"" OR ""disinformation"") AND (""search engine"" OR Google OR Bing OR Yandex OR Yahoo OR Duckduckgo OR Youtube)",search_engines
42,42,349,2016-07-01 00:00:00,6605289,5.283644667175047e-05,"(""fake news"" OR ""misinformation"" OR ""disinformation"") AND (""search engine"" OR Google OR Bing OR Yandex OR Yahoo OR Duckduckgo OR Youtube)",search_engines
43,43,336,2016-08-01 00:00:00,7134547,4.709479102177055e-05,"(""fake news"" OR ""misinformation"" OR ""disinformation"") AND (""search engine"" OR Google OR Bing OR Yandex OR Yahoo OR Duckduckgo OR Youtube)",search_engines
44,44,424,2016-09-01 00:00:00,7195794,5.892330992243525e-05,"(""fake news"" OR ""misinformation"" OR ""disinformation"") AND (""search engine"" OR Google OR Bing OR Yandex OR Yahoo OR Duckduckgo OR Youtube)",search_engines
45,45,577,2016-10-01 00:00:00,7537019,7.655546576172887e-05,"(""fake news"" OR ""misinformation"" OR ""disinformation"") AND (""search engine"" OR Google OR Bing OR Yandex OR Yahoo OR Duckduckgo OR Youtube)",search_engines
46,46,4083,2016-11-01 00:00:00,7404767,0.0005514015498394,"(""fake news"" OR ""misinformation"" OR ""disinformation"") AND (""search engine"" OR Google OR Bing OR Yandex OR Yahoo OR Duckduckgo OR Youtube)",search_engines
47,47,4156,2016-12-01 00:00:00,7097225,0.000585580984117,"(""fake news"" OR ""misinformation"" OR ""disinformation"") AND (""search engine"" OR Google OR Bing OR Yandex OR Yahoo OR Duckduckgo OR Youtube)",search_engines
48,48,2714,2017-01-01 00:00:00,7915149,0.000342886785833,"(""fake news"" OR ""misinformation"" OR ""disinformation"") AND (""search engine"" OR Google OR Bing OR Yandex OR Yahoo OR Duckduckgo OR Youtube)",search_engines
49,49,3174,2017-02-01 00:00:00,7523352,0.0004218864144599,"(""fake news"" OR ""misinformation"" OR ""disinformation"") AND (""search engine"" OR Google OR Bing OR Yandex OR Yahoo OR Duckduckgo OR Youtube)",search_engines
50,50,2811,2017-03-01 00:00:00,8498023,0.0003307828185449,"(""fake news"" OR ""misinformation"" OR ""disinformation"") AND (""search engine"" OR Google OR Bing OR Yandex OR Yahoo OR Duckduckgo OR Youtube)",search_engines
51,51,3339,2017-04-01 00:00:00,8240161,0.0004052105292602,"(""fake news"" OR ""misinformation"" OR ""disinformation"") AND (""search engine"" OR Google OR Bing OR Yandex OR Yahoo OR Duckduckgo OR Youtube)",search_engines
52,52,2692,2017-05-01 00:00:00,9059893,0.0002971337520211,"(""fake news"" OR ""misinformation"" OR ""disinformation"") AND (""search engine"" OR Google OR Bing OR Yandex OR Yahoo OR Duckduckgo OR Youtube)",search_engines
53,53,2341,2017-06-01 00:00:00,8194941,0.0002856640456593,"(""fake news"" OR ""misinformation"" OR ""disinformation"") AND (""search engine"" OR Google OR Bing OR Yandex OR Yahoo OR Duckduckgo OR Youtube)",search_engines
54,54,2228,2017-07-01 00:00:00,8280850,0.0002690545052742,"(""fake news"" OR ""misinformation"" OR ""disinformation"") AND (""search engine"" OR Google OR Bing OR Yandex OR Yahoo OR Duckduckgo OR Youtube)",search_engines
55,55,2352,2017-08-01 00:00:00,8816858,0.0002667616967404,"(""fake news"" OR ""misinformation"" OR ""disinformation"") AND (""search engine"" OR Google OR Bing OR Yandex OR Yahoo OR Duckduckgo OR Youtube)",search_engines
56,56,3457,2017-09-01 00:00:00,8622102,0.0004009463121637,"(""fake news"" OR ""misinformation"" OR ""disinformation"") AND (""search engine"" OR Google OR Bing OR Yandex OR Yahoo OR Duckduckgo OR Youtube)",search_engines
57,57,5609,2017-10-01 00:00:00,8922862,0.0006286099684159,"(""fake news"" OR ""misinformation"" OR ""disinformation"") AND (""search engine"" OR Google OR Bing OR Yandex OR Yahoo OR Duckduckgo OR Youtube)",search_engines
58,58,4465,2017-11-01 00:00:00,9789734,0.0004560900224663,"(""fake news"" OR ""misinformation"" OR ""disinformation"") AND (""search engine"" OR Google OR Bing OR Yandex OR Yahoo OR Duckduckgo OR Youtube)",search_engines
59,59,3960,2017-12-01 00:00:00,12374183,0.0003200211278595,"(""fake news"" OR ""misinformation"" OR ""disinformation"") AND (""search engine"" OR Google OR Bing OR Yandex OR Yahoo OR Duckduckgo OR Youtube)",search_engines
60,60,6095,2018-01-01 00:00:00,13519766,0.0004508214121457,"(""fake news"" OR ""misinformation"" OR ""disinformation"") AND (""search engine"" OR Google OR Bing OR Yandex OR Yahoo OR Duckduckgo OR Youtube)",search_engines
61,61,6532,2018-02-01 00:00:00,12367562,0.000528155832168,"(""fake news"" OR ""misinformation"" OR ""disinformation"") AND (""search engine"" OR Google OR Bing OR Yandex OR Yahoo OR Duckduckgo OR Youtube)",search_engines
62,62,7885,2018-03-01 00:00:00,13660735,0.000577201739145,"(""fake news"" OR ""misinformation"" OR ""disinformation"") AND (""search engine"" OR Google OR Bing OR Yandex OR Yahoo OR Duckduckgo OR Youtube)",search_engines
63,63,7670,2018-04-01 00:00:00,13316068,0.0005759958570352,"(""fake news"" OR ""misinformation"" OR ""disinformation"") AND (""search engine"" OR Google OR Bing OR Yandex OR Yahoo OR Duckduckgo OR Youtube)",search_engines
64,64,4921,2018-05-01 00:00:00,14018000,0.0003510486517334,"(""fake news"" OR ""misinformation"" OR ""disinformation"") AND (""search engine"" OR Google OR Bing OR Yandex OR Yahoo OR Duckduckgo OR Youtube)",search_engines
65,65,3901,2018-06-01 00:00:00,13189699,0.0002957611087258,"(""fake news"" OR ""misinformation"" OR ""disinformation"") AND (""search engine"" OR Google OR Bing OR Yandex OR Yahoo OR Duckduckgo OR Youtube)",search_engines
66,66,6227,2018-07-01 00:00:00,13618482,0.000457246262836,"(""fake news"" OR ""misinformation"" OR ""disinformation"") AND (""search engine"" OR Google OR Bing OR Yandex OR Yahoo OR Duckduckgo OR Youtube)",search_engines
67,67,9191,2018-08-01 00:00:00,12754231,0.0007206236110981,"(""fake news"" OR ""misinformation"" OR ""disinformation"") AND (""search engine"" OR Google OR Bing OR Yandex OR Yahoo OR Duckduckgo OR Youtube)",search_engines
68,68,6066,2018-09-01 00:00:00,12148544,0.0004993190953582,"(""fake news"" OR ""misinformation"" OR ""disinformation"") AND (""search engine"" OR Google OR Bing OR Yandex OR Yahoo OR Duckduckgo OR Youtube)",search_engines
69,69,6308,2018-10-01 00:00:00,13479224,0.0004679794623191,"(""fake news"" OR ""misinformation"" OR ""disinformation"") AND (""search engine"" OR Google OR Bing OR Yandex OR Yahoo OR Duckduckgo OR Youtube)",search_engines
70,70,6661,2018-11-01 00:00:00,12989011,0.000512818104473,"(""fake news"" OR ""misinformation"" OR ""disinformation"") AND (""search engine"" OR Google OR Bing OR Yandex OR Yahoo OR Duckduckgo OR Youtube)",search_engines
71,71,5997,2018-12-01 00:00:00,10302556,0.000582088561324,"(""fake news"" OR ""misinformation"" OR ""disinformation"") AND (""search engine"" OR Google OR Bing OR Yandex OR Yahoo OR Duckduckgo OR Youtube)",search_engines
72,72,4748,2019-01-01 00:00:00,12364871,0.0003839910663038,"(""fake news"" OR ""misinformation"" OR ""disinformation"") AND (""search engine"" OR Google OR Bing OR Yandex OR Yahoo OR Duckduckgo OR Youtube)",search_engines
73,73,5691,2019-02-01 00:00:00,11238601,0.0005063797531383,"(""fake news"" OR ""misinformation"" OR ""disinformation"") AND (""search engine"" OR Google OR Bing OR Yandex OR Yahoo OR Duckduckgo OR Youtube)",search_engines
74,74,8457,2019-03-01 00:00:00,12879965,0.0006566011631242,"(""fake news"" OR ""misinformation"" OR ""disinformation"") AND (""search engine"" OR Google OR Bing OR Yandex OR Yahoo OR Duckduckgo OR Youtube)",search_engines
75,75,7056,2019-04-01 00:00:00,13169061,0.0005358012997282,"(""fake news"" OR ""misinformation"" OR ""disinformation"") AND (""search engine"" OR Google OR Bing OR Yandex OR Yahoo OR Duckduckgo OR Youtube)",search_engines
76,76,7791,2019-05-01 00:00:00,14724214,0.0005291284139173,"(""fake news"" OR ""misinformation"" OR ""disinformation"") AND (""search engine"" OR Google OR Bing OR Yandex OR Yahoo OR Duckduckgo OR Youtube)",search_engines
77,77,6632,2019-06-01 00:00:00,14025116,0.0004728659641745,"(""fake news"" OR ""misinformation"" OR ""disinformation"") AND (""search engine"" OR Google OR Bing OR Yandex OR Yahoo OR Duckduckgo OR Youtube)",search_engines
78,78,5473,2019-07-01 00:00:00,14367534,0.0003809282789934,"(""fake news"" OR ""misinformation"" OR ""disinformation"") AND (""search engine"" OR Google OR Bing OR Yandex OR Yahoo OR Duckduckgo OR Youtube)",search_engines
79,79,5070,2019-08-01 00:00:00,12929158,0.0003921369048162,"(""fake news"" OR ""misinformation"" OR ""disinformation"") AND (""search engine"" OR Google OR Bing OR Yandex OR Yahoo OR Duckduckgo OR Youtube)",search_engines
80,80,4771,2019-09-01 00:00:00,12972258,0.000367784852876,"(""fake news"" OR ""misinformation"" OR ""disinformation"") AND (""search engine"" OR Google OR Bing OR Yandex OR Yahoo OR Duckduckgo OR Youtube)",search_engines
81,81,6066,2019-10-01 00:00:00,13410775,0.0004523228523332,"(""fake news"" OR ""misinformation"" OR ""disinformation"") AND (""search engine"" OR Google OR Bing OR Yandex OR Yahoo OR Duckduckgo OR Youtube)",search_engines
82,82,5323,2019-11-01 00:00:00,11874401,0.0004482752435259,"(""fake news"" OR ""misinformation"" OR ""disinformation"") AND (""search engine"" OR Google OR Bing OR Yandex OR Yahoo OR Duckduckgo OR Youtube)",search_engines
83,83,5197,2019-12-01 00:00:00,12326861,0.0004215996270258,"(""fake news"" OR ""misinformation"" OR ""disinformation"") AND (""search engine"" OR Google OR Bing OR Yandex OR Yahoo OR Duckduckgo OR Youtube)",search_engines
84,84,6097,2020-01-01 00:00:00,12745733,0.0004783561682956,"(""fake news"" OR ""misinformation"" OR ""disinformation"") AND (""search engine"" OR Google OR Bing OR Yandex OR Yahoo OR Duckduckgo OR Youtube)",search_engines
85,85,7080,2020-02-01 00:00:00,12410666,0.0005704770396689,"(""fake news"" OR ""misinformation"" OR ""disinformation"") AND (""search engine"" OR Google OR Bing OR Yandex OR Yahoo OR Duckduckgo OR Youtube)",search_engines
86,86,11082,2020-03-01 00:00:00,16081727,0.0006891050942476,"(""fake news"" OR ""misinformation"" OR ""disinformation"") AND (""search engine"" OR Google OR Bing OR Yandex OR Yahoo OR Duckduckgo OR Youtube)",search_engines
87,87,12141,2020-04-01 00:00:00,16597948,0.0007314759631732,"(""fake news"" OR ""misinformation"" OR ""disinformation"") AND (""search engine"" OR Google OR Bing OR Yandex OR Yahoo OR Duckduckgo OR Youtube)",search_engines
88,88,12041,2020-05-01 00:00:00,17346887,0.0006941303070689,"(""fake news"" OR ""misinformation"" OR ""disinformation"") AND (""search engine"" OR Google OR Bing OR Yandex OR Yahoo OR Duckduckgo OR Youtube)",search_engines
89,89,11222,2020-06-01 00:00:00,17140704,0.0006546988968481,"(""fake news"" OR ""misinformation"" OR ""disinformation"") AND (""search engine"" OR Google OR Bing OR Yandex OR Yahoo OR Duckduckgo OR Youtube)",search_engines
90,90,10565,2020-07-01 00:00:00,17242378,0.0006127345079663,"(""fake news"" OR ""misinformation"" OR ""disinformation"") AND (""search engine"" OR Google OR Bing OR Yandex OR Yahoo OR Duckduckgo OR Youtube)",search_engines
91,91,9759,2020-08-01 00:00:00,17721748,0.0005506793122213,"(""fake news"" OR ""misinformation"" OR ""disinformation"") AND (""search engine"" OR Google OR Bing OR Yandex OR Yahoo OR Duckduckgo OR Youtube)",search_engines
92,92,13751,2020-09-01 00:00:00,24340612,0.0005649406021508,"(""fake news"" OR ""misinformation"" OR ""disinformation"") AND (""search engine"" OR Google OR Bing OR Yandex OR Yahoo OR Duckduckgo OR Youtube)",search_engines
93,93,18726,2020-10-01 00:00:00,27668313,0.0006768030996324,"(""fake news"" OR ""misinformation"" OR ""disinformation"") AND (""search engine"" OR Google OR Bing OR Yandex OR Yahoo OR Duckduckgo OR Youtube)",search_engines
94,94,15957,2020-11-01 00:00:00,26083268,0.0006117715004116,"(""fake news"" OR ""misinformation"" OR ""disinformation"") AND (""search engine"" OR Google OR Bing OR Yandex OR Yahoo OR Duckduckgo OR Youtube)",search_engines
95,95,13908,2020-12-01 00:00:00,25378123,0.0005480310738504,"(""fake news"" OR ""misinformation"" OR ""disinformation"") AND (""search engine"" OR Google OR Bing OR Yandex OR Yahoo OR Duckduckgo OR Youtube)",search_engines
96,96,18551,2021-01-01 00:00:00,24791507,0.0007482804494297,"(""fake news"" OR ""misinformation"" OR ""disinformation"") AND (""search engine"" OR Google OR Bing OR Yandex OR Yahoo OR Duckduckgo OR Youtube)",search_engines
97,97,15895,2021-02-01 00:00:00,25622587,0.0006203510988176,"(""fake news"" OR ""misinformation"" OR ""disinformation"") AND (""search engine"" OR Google OR Bing OR Yandex OR Yahoo OR Duckduckgo OR Youtube)",search_engines
98,98,13019,2021-03-01 00:00:00,25414507,0.0005122664783542,"(""fake news"" OR ""misinformation"" OR ""disinformation"") AND (""search engine"" OR Google OR Bing OR Yandex OR Yahoo OR Duckduckgo OR Youtube)",search_engines
99,99,7501,2021-04-01 00:00:00,21267809,0.0003526926539541,"(""fake news"" OR ""misinformation"" OR ""disinformation"") AND (""search engine"" OR Google OR Bing OR Yandex OR Yahoo OR Duckduckgo OR Youtube)",search_engines
100,100,11822,2021-05-01 00:00:00,26967066,0.0004383865860676,"(""fake news"" OR ""misinformation"" OR ""disinformation"") AND (""search engine"" OR Google OR Bing OR Yandex OR Yahoo OR Duckduckgo OR Youtube)",search_engines
101,101,10616,2021-06-01 00:00:00,28610235,0.0003710560224339,"(""fake news"" OR ""misinformation"" OR ""disinformation"") AND (""search engine"" OR Google OR Bing OR Yandex OR Yahoo OR Duckduckgo OR Youtube)",search_engines
102,102,12687,2021-07-01 00:00:00,28394780,0.0004468074765854,"(""fake news"" OR ""misinformation"" OR ""disinformation"") AND (""search engine"" OR Google OR Bing OR Yandex OR Yahoo OR Duckduckgo OR Youtube)",search_engines
103,103,10311,2021-08-01 00:00:00,21266591,0.0004848449852635,"(""fake news"" OR ""misinformation"" OR ""disinformation"") AND (""search engine"" OR Google OR Bing OR Yandex OR Yahoo OR Duckduckgo OR Youtube)",search_engines
104,104,14432,2021-09-01 00:00:00,28896783,0.0004994327569266,"(""fake news"" OR ""misinformation"" OR ""disinformation"") AND (""search engine"" OR Google OR Bing OR Yandex OR Yahoo OR Duckduckgo OR Youtube)",search_engines
105,105,9361,2021-10-01 00:00:00,14001608,0.0006685660675545,"(""fake news"" OR ""misinformation"" OR ""disinformation"") AND (""search engine"" OR Google OR Bing OR Yandex OR Yahoo OR Duckduckgo OR Youtube)",search_engines
